{
  "stage_times": {
    "epoch_0": [
      0.0006084442138671875
    ],
    "forward": [
      0.0063169002532958984,
      0.001857757568359375,
      0.0021402835845947266,
      0.0019195079803466797,
      0.0018856525421142578,
      0.0020172595977783203,
      0.0017995834350585938,
      0.0020787715911865234,
      0.0017554759979248047,
      0.0020291805267333984,
      0.0019025802612304688,
      0.0019218921661376953,
      0.0018777847290039062,
      0.0017812252044677734,
      0.00564265251159668,
      0.0016393661499023438,
      0.001672506332397461,
      0.0017614364624023438,
      0.0017554759979248047,
      0.0018019676208496094,
      0.0018506050109863281,
      0.0022211074829101562,
      0.0021991729736328125,
      0.0017714500427246094,
      0.0017290115356445312,
      0.001684427261352539,
      0.0017604827880859375,
      0.001753091812133789,
      0.0016994476318359375,
      0.0016522407531738281,
      0.0018362998962402344,
      0.0018069744110107422,
      0.0017843246459960938,
      0.0017113685607910156,
      0.0017609596252441406,
      0.0016813278198242188,
      0.001758575439453125,
      0.001720428466796875,
      0.0017974376678466797,
      0.0017504692077636719,
      0.0017437934875488281,
      0.0017397403717041016,
      0.006206512451171875,
      0.001699686050415039,
      0.0016863346099853516,
      0.0017654895782470703,
      0.0017576217651367188,
      0.0017511844635009766,
      0.002024412155151367,
      0.0017418861389160156,
      0.0024139881134033203,
      0.0016970634460449219,
      0.0016841888427734375,
      0.0017848014831542969,
      0.001733541488647461,
      0.0017337799072265625,
      0.0017066001892089844,
      0.0017845630645751953,
      0.0016851425170898438,
      0.0016963481903076172,
      0.001752614974975586,
      0.0017995834350585938,
      0.001737833023071289,
      0.0016429424285888672,
      0.0017194747924804688,
      0.0017616748809814453,
      0.001772165298461914,
      0.001684427261352539,
      0.001722097396850586,
      0.001795053482055664,
      0.0018062591552734375,
      0.0018825531005859375,
      0.0017611980438232422,
      0.0017597675323486328,
      0.0017817020416259766
    ],
    "backward": [
      0.039664506912231445,
      0.00994729995727539,
      0.011566162109375,
      0.02526235580444336,
      0.009038925170898438,
      0.008406877517700195,
      0.011896371841430664,
      0.0034542083740234375,
      0.0055391788482666016,
      0.005456447601318359,
      0.005398273468017578,
      0.006384134292602539,
      0.009669065475463867,
      0.009779214859008789,
      0.015233755111694336,
      0.009267091751098633,
      0.006126880645751953,
      0.005476236343383789,
      0.005789995193481445,
      0.007401227951049805,
      0.005082368850708008,
      0.007232189178466797,
      0.005434989929199219,
      0.005610466003417969,
      0.0056841373443603516,
      0.005145549774169922,
      0.005101919174194336,
      0.006848812103271484,
      0.00468754768371582,
      0.004686117172241211,
      0.0060007572174072266,
      0.006257772445678711,
      0.004885435104370117,
      0.004525661468505859,
      0.005673408508300781,
      0.0046198368072509766,
      0.007716655731201172,
      0.011027812957763672,
      0.006815910339355469,
      0.00576472282409668,
      0.004792928695678711,
      0.006245851516723633,
      0.005486965179443359,
      0.006944894790649414,
      0.004827976226806641,
      0.006361722946166992,
      0.007409811019897461,
      0.005311012268066406,
      0.006399393081665039,
      0.0047152042388916016,
      0.005427360534667969,
      0.006752729415893555,
      0.004610538482666016,
      0.0053806304931640625,
      0.005525112152099609,
      0.0045871734619140625,
      0.00559687614440918,
      0.005368471145629883,
      0.005574941635131836,
      0.004728794097900391,
      0.0066432952880859375,
      0.006664752960205078,
      0.004560708999633789,
      0.005561351776123047,
      0.0052490234375,
      0.004472017288208008,
      0.006978034973144531,
      0.0046770572662353516,
      0.00542449951171875,
      0.005524635314941406,
      0.010830163955688477,
      0.008249521255493164,
      0.00586390495300293,
      0.004738807678222656,
      0.005403757095336914
    ],
    "epoch_1": [
      0.0002684593200683594
    ],
    "epoch_2": [
      0.00021195411682128906
    ],
    "epoch_3": [
      0.00033020973205566406
    ],
    "epoch_4": [
      0.00026035308837890625
    ]
  },
  "average_times": {
    "epoch_0": 0.0006084442138671875,
    "forward": 0.001972033182779948,
    "backward": 0.0070993359883626305,
    "epoch_1": 0.0002684593200683594,
    "epoch_2": 0.00021195411682128906,
    "epoch_3": 0.00033020973205566406,
    "epoch_4": 0.00026035308837890625
  },
  "total_stages": 7,
  "timestamp": 1756763259.8652558
}