{
  "total_steps": 6,
  "total_epochs": 2,
  "final_loss": 0.7020268440246582,
  "final_accuracy": 0.5,
  "average_step_time": 0.5274325211842855,
  "average_epoch_time": 1.5874477624893188
}