{
  "stage_times": {
    "forward": [
      0.0431976318359375,
      0.03441119194030762,
      0.06883573532104492,
      0.0345304012298584,
      0.03712606430053711,
      0.03405642509460449
    ],
    "backward": [
      1.3286397457122803,
      0.40146756172180176,
      0.2633078098297119,
      0.293184757232666,
      0.3198115825653076,
      0.3039588928222656
    ]
  },
  "average_times": {
    "forward": 0.042026241620381675,
    "backward": 0.4850617249806722
  },
  "total_steps": 0
}