{
  "stage_times": {
    "epoch_0": [
      0.0005664825439453125
    ],
    "forward": [
      0.0015017986297607422,
      0.0011534690856933594,
      0.0004191398620605469,
      0.0003197193145751953,
      0.0020875930786132812,
      0.00035881996154785156,
      0.0003304481506347656,
      0.0004303455352783203,
      0.00017309188842773438,
      0.0003685951232910156,
      0.00026607513427734375,
      0.00029277801513671875,
      0.0002675056457519531,
      0.0002532005310058594,
      0.0005609989166259766,
      0.000186920166015625,
      0.00019812583923339844,
      0.0001556873321533203,
      0.000156402587890625,
      0.0001735687255859375,
      0.00017023086547851562,
      0.00016641616821289062,
      0.0005877017974853516,
      0.0001533031463623047,
      0.000156402587890625,
      0.00016951560974121094,
      0.0001590251922607422,
      0.0001480579376220703,
      0.00017642974853515625,
      0.0001404285430908203
    ],
    "backward": [
      0.0014605522155761719,
      0.0005397796630859375,
      0.0013098716735839844,
      0.001066446304321289,
      0.0011868476867675781,
      0.0011365413665771484,
      0.0010585784912109375,
      0.0005676746368408203,
      0.0004832744598388672,
      0.0010302066802978516,
      0.0008695125579833984,
      0.0008816719055175781,
      0.0008325576782226562,
      0.0009796619415283203,
      0.0007410049438476562,
      0.0004570484161376953,
      0.0004589557647705078,
      0.00045299530029296875,
      0.0004258155822753906,
      0.0004286766052246094,
      0.0004611015319824219,
      0.00043082237243652344,
      0.006761312484741211,
      0.00045013427734375,
      0.0004482269287109375,
      0.00046372413635253906,
      0.00041222572326660156,
      0.000415802001953125,
      0.00041556358337402344,
      0.00042057037353515625
    ],
    "epoch_1": [
      0.0005390644073486328
    ],
    "epoch_2": [
      0.00023221969604492188
    ]
  },
  "average_times": {
    "epoch_0": 0.0005664825439453125,
    "forward": 0.00038939317067464193,
    "backward": 0.0009015719095865885,
    "epoch_1": 0.0005390644073486328,
    "epoch_2": 0.00023221969604492188
  },
  "total_stages": 5,
  "timestamp": 1756761691.0654802
}