{
  "summary": {
    "total_steps": 3,
    "total_epochs": 1,
    "final_loss": 2.3155629634857178,
    "final_accuracy": 0.0625,
    "average_step_time": 0.0040365854899088545,
    "average_epoch_time": 0.01460576057434082
  },
  "losses": [
    2.3304362297058105,
    2.2873997688293457,
    2.3155629634857178
  ],
  "accuracies": [
    0.15625,
    0.03125,
    0.0625
  ],
  "step_times": [
    0.0027823448181152344,
    0.0071315765380859375,
    0.0021958351135253906
  ],
  "epoch_times": [
    0.01460576057434082
  ]
}