{
  "status": "warning",
  "overall_health_score": 0.8150630647732646,
  "training_stability_score": 0.9397415503700712,
  "convergence_quality_score": 0.9814106159735771,
  "total_anomalies": 2,
  "critical_anomalies": 0,
  "warning_anomalies": 2,
  "current_kl": 0.11892600175374829,
  "current_kl_coef": 0.9676710433136496,
  "current_reward_mean": 2.4000000000000004,
  "current_entropy": 1.0499999999999998
}