{
  "best_global_step": null,
  "best_metric": null,
  "best_model_checkpoint": null,
  "episode": 4,
  "epoch": 1.0,
  "eval_steps": 500,
  "global_step": 4,
  "is_hyper_param_search": false,
  "is_local_process_zero": true,
  "is_world_process_zero": true,
  "log_history": [
    {
      "episode": 1,
      "epoch": 0.25,
      "eps": 5,
      "loss/policy_avg": 2.2351741790771484e-07,
      "loss/value_avg": 0.13591128587722778,
      "lr": 5e-05,
      "objective/entropy": 86.57521057128906,
      "objective/kl": 0.0,
      "objective/non_score_reward": 0.0,
      "objective/rlhf_reward": 0.10000000149011612,
      "objective/scores": 0.10000000149011612,
      "policy/approxkl_avg": 0.0,
      "policy/clipfrac_avg": 0.0,
      "policy/entropy_avg": 10.824227333068848,
      "step": 1,
      "val/clipfrac_avg": 0.0,
      "val/num_eos_tokens": 0,
      "val/ratio": 1.0,
      "val/ratio_var": NaN
    },
    {
      "episode": 2,
      "epoch": 0.5,
      "eps": 5,
      "loss/policy_avg": -4.470348358154297e-08,
      "loss/value_avg": 0.1417544186115265,
      "lr": 3.7500000000000003e-05,
      "objective/entropy": 86.60678100585938,
      "objective/kl": -0.0024700164794921875,
      "objective/non_score_reward": 0.00012350080942269415,
      "objective/rlhf_reward": 0.10012350231409073,
      "objective/scores": 0.10000000149011612,
      "policy/approxkl_avg": 0.0,
      "policy/clipfrac_avg": 0.0,
      "policy/entropy_avg": 10.824323654174805,
      "step": 2,
      "val/clipfrac_avg": 0.0,
      "val/num_eos_tokens": 0,
      "val/ratio": 1.0,
      "val/ratio_var": NaN
    },
    {
      "episode": 3,
      "epoch": 0.75,
      "eps": 4,
      "loss/policy_avg": 2.2724270820617676e-07,
      "loss/value_avg": 0.12489186972379684,
      "lr": 2.5e-05,
      "objective/entropy": 86.60308074951172,
      "objective/kl": 0.000377655029296875,
      "objective/non_score_reward": -1.888275073724799e-05,
      "objective/rlhf_reward": 0.09998112171888351,
      "objective/scores": 0.10000000149011612,
      "policy/approxkl_avg": 0.0,
      "policy/clipfrac_avg": 0.0,
      "policy/entropy_avg": 10.824241638183594,
      "step": 3,
      "val/clipfrac_avg": 0.0,
      "val/num_eos_tokens": 0,
      "val/ratio": 1.0,
      "val/ratio_var": NaN
    },
    {
      "episode": 4,
      "epoch": 1.0,
      "eps": 5,
      "loss/policy_avg": -1.4901161193847656e-07,
      "loss/value_avg": 0.12324108183383942,
      "lr": 1.25e-05,
      "objective/entropy": 86.63703918457031,
      "objective/kl": -0.001476287841796875,
      "objective/non_score_reward": 7.381440082099289e-05,
      "objective/rlhf_reward": 0.10007381439208984,
      "objective/scores": 0.10000000149011612,
      "policy/approxkl_avg": 0.0,
      "policy/clipfrac_avg": 0.0,
      "policy/entropy_avg": 10.82441520690918,
      "step": 4,
      "val/clipfrac_avg": 0.0,
      "val/num_eos_tokens": 0,
      "val/ratio": 1.0,
      "val/ratio_var": NaN
    }
  ],
  "logging_steps": 1,
  "max_steps": 4,
  "num_input_tokens_seen": 0,
  "num_train_epochs": 1.0,
  "save_steps": 500,
  "stateful_callbacks": {
    "TrainerControl": {
      "args": {
        "should_epoch_stop": false,
        "should_evaluate": false,
        "should_log": true,
        "should_save": true,
        "should_training_stop": true
      },
      "attributes": {}
    }
  },
  "total_flos": 0,
  "train_batch_size": null,
  "trial_name": null,
  "trial_params": null
}
