{
  "best_global_step": null,
  "best_metric": null,
  "best_model_checkpoint": null,
  "episode": 4,
  "epoch": 1.0,
  "eval_steps": 500,
  "global_step": 4,
  "is_hyper_param_search": false,
  "is_local_process_zero": true,
  "is_world_process_zero": true,
  "log_history": [
    {
      "episode": 1,
      "epoch": 0.25,
      "eps": 6,
      "loss/policy_avg": 0.0,
      "loss/value_avg": 0.37522411346435547,
      "lr": 5e-05,
      "objective/entropy": 86.57521057128906,
      "objective/kl": 0.0,
      "objective/non_score_reward": 0.0,
      "objective/rlhf_reward": 0.10000000149011612,
      "objective/scores": 0.10000000149011612,
      "policy/approxkl_avg": 0.0,
      "policy/clipfrac_avg": 0.0,
      "policy/entropy_avg": 10.824227333068848,
      "step": 1,
      "val/clipfrac_avg": 0.0,
      "val/num_eos_tokens": 0,
      "val/ratio": 1.0,
      "val/ratio_var": NaN
    },
    {
      "episode": 2,
      "epoch": 0.5,
      "eps": 5,
      "loss/policy_avg": -5.21540641784668e-08,
      "loss/value_avg": 0.3568064570426941,
      "lr": 3.7500000000000003e-05,
      "objective/entropy": 86.60159301757812,
      "objective/kl": 0.002712249755859375,
      "objective/non_score_reward": -0.00013561249943450093,
      "objective/rlhf_reward": 0.09986438602209091,
      "objective/scores": 0.10000000149011612,
      "policy/approxkl_avg": 0.0,
      "policy/clipfrac_avg": 0.0,
      "policy/entropy_avg": 10.824321746826172,
      "step": 2,
      "val/clipfrac_avg": 0.0,
      "val/num_eos_tokens": 0,
      "val/ratio": 1.0,
      "val/ratio_var": NaN
    },
    {
      "episode": 3,
      "epoch": 0.75,
      "eps": 5,
      "loss/policy_avg": 2.9802322387695312e-08,
      "loss/value_avg": 0.323564350605011,
      "lr": 2.5e-05,
      "objective/entropy": 86.60380554199219,
      "objective/kl": -0.00035572052001953125,
      "objective/non_score_reward": 1.7786027456168085e-05,
      "objective/rlhf_reward": 0.10001778602600098,
      "objective/scores": 0.10000000149011612,
      "policy/approxkl_avg": 0.0,
      "policy/clipfrac_avg": 0.0,
      "policy/entropy_avg": 10.824239730834961,
      "step": 3,
      "val/clipfrac_avg": 0.0,
      "val/num_eos_tokens": 0,
      "val/ratio": 1.0,
      "val/ratio_var": NaN
    },
    {
      "episode": 4,
      "epoch": 1.0,
      "eps": 6,
      "loss/policy_avg": 2.9802322387695312e-08,
      "loss/value_avg": 0.25410616397857666,
      "lr": 1.25e-05,
      "objective/entropy": 86.63424682617188,
      "objective/kl": 0.0013217926025390625,
      "objective/non_score_reward": -6.608963303733617e-05,
      "objective/rlhf_reward": 0.0999339148402214,
      "objective/scores": 0.10000000149011612,
      "policy/approxkl_avg": 0.0,
      "policy/clipfrac_avg": 0.0,
      "policy/entropy_avg": 10.824414253234863,
      "step": 4,
      "val/clipfrac_avg": 0.0,
      "val/num_eos_tokens": 0,
      "val/ratio": 1.0,
      "val/ratio_var": NaN
    }
  ],
  "logging_steps": 1,
  "max_steps": 4,
  "num_input_tokens_seen": 0,
  "num_train_epochs": 1.0,
  "save_steps": 500,
  "stateful_callbacks": {
    "TrainerControl": {
      "args": {
        "should_epoch_stop": false,
        "should_evaluate": false,
        "should_log": true,
        "should_save": true,
        "should_training_stop": true
      },
      "attributes": {}
    }
  },
  "total_flos": 0,
  "train_batch_size": null,
  "trial_name": null,
  "trial_params": null
}
