{
  "stage_times": {
    "epoch_0": [
      0.001047372817993164
    ],
    "forward": [
      0.002110004425048828,
      0.00023674964904785156,
      0.00017952919006347656,
      0.0001666545867919922,
      0.00017642974853515625,
      0.0001838207244873047,
      0.0010030269622802734,
      0.0001633167266845703,
      0.0001595020294189453,
      0.0001621246337890625,
      0.00017261505126953125,
      0.00017833709716796875,
      0.00017023086547851562,
      0.0001819133758544922,
      0.0001575946807861328,
      0.00016570091247558594,
      0.0001728534698486328,
      0.00016617774963378906,
      0.0001621246337890625,
      0.00019049644470214844,
      0.0001819133758544922,
      0.00016069412231445312,
      0.0009951591491699219,
      0.00015807151794433594,
      0.0001773834228515625,
      0.00015020370483398438,
      0.0001685619354248047,
      0.00018715858459472656,
      0.00018262863159179688,
      0.0002009868621826172
    ],
    "backward": [
      0.002325296401977539,
      0.0005931854248046875,
      0.00044655799865722656,
      0.0004942417144775391,
      0.00044226646423339844,
      0.000446319580078125,
      0.0004699230194091797,
      0.0004620552062988281,
      0.00041413307189941406,
      0.00041985511779785156,
      0.00048041343688964844,
      0.0005030632019042969,
      0.0004265308380126953,
      0.00043392181396484375,
      0.000461578369140625,
      0.0016171932220458984,
      0.0004444122314453125,
      0.0004661083221435547,
      0.000461578369140625,
      0.0004336833953857422,
      0.00044417381286621094,
      0.00045990943908691406,
      0.00046634674072265625,
      0.0004439353942871094,
      0.00043487548828125,
      0.0004162788391113281,
      0.00042819976806640625,
      0.0004916191101074219,
      0.00044035911560058594,
      0.00042319297790527344
    ],
    "epoch_1": [
      0.0002524852752685547
    ],
    "epoch_2": [
      0.0002608299255371094
    ]
  },
  "average_times": {
    "epoch_0": 0.001047372817993164,
    "forward": 0.0002940654754638672,
    "backward": 0.0005563735961914062,
    "epoch_1": 0.0002524852752685547,
    "epoch_2": 0.0002608299255371094
  },
  "total_stages": 5,
  "timestamp": 1756760593.5796912
}