{
  "summary": {
    "total_steps": 16,
    "total_epochs": 2,
    "final_loss": 2.275038242340088,
    "final_accuracy": 0.125,
    "average_step_time": 0.0015393942594528198,
    "average_epoch_time": 0.05896317958831787
  },
  "losses": [
    2.325875759124756,
    2.302826166152954,
    2.3031599521636963,
    2.309046983718872,
    2.281481981277466,
    2.333343982696533,
    2.3370139598846436,
    2.328336477279663,
    2.3163981437683105,
    2.2924399375915527,
    2.292604684829712,
    2.266908884048462,
    2.2838962078094482,
    2.277757406234741,
    2.2661166191101074,
    2.275038242340088
  ],
  "accuracies": [
    0.09375,
    0.15625,
    0.0625,
    0.09375,
    0.09375,
    0.0625,
    0.1875,
    0.09375,
    0.0625,
    0.15625,
    0.28125,
    0.21875,
    0.15625,
    0.09375,
    0.15625,
    0.125
  ],
  "step_times": [
    0.0021233558654785156,
    0.002880573272705078,
    0.00140380859375,
    0.0013980865478515625,
    0.0009529590606689453,
    0.0006706714630126953,
    0.0006225109100341797,
    0.0005958080291748047,
    0.0006809234619140625,
    0.0006203651428222656,
    0.0005991458892822266,
    0.0013422966003417969,
    0.00870060920715332,
    0.000782012939453125,
    0.0006289482116699219,
    0.0006282329559326172
  ],
  "epoch_times": [
    0.10229158401489258,
    0.015634775161743164
  ]
}