{
  "stage_times": {
    "forward": [
      0.000919342041015625,
      0.0003845691680908203,
      0.00028586387634277344,
      0.00026798248291015625,
      0.0003631114959716797,
      0.00016570091247558594,
      0.00016450881958007812,
      0.00013208389282226562,
      0.0001609325408935547,
      0.00014829635620117188,
      0.0001499652862548828,
      0.0001404285430908203,
      0.00016188621520996094,
      0.0001976490020751953,
      0.00015234947204589844,
      0.0001442432403564453
    ],
    "backward": [
      0.0009865760803222656,
      0.002239704132080078,
      0.0009396076202392578,
      0.0009589195251464844,
      0.0004820823669433594,
      0.0004220008850097656,
      0.0003769397735595703,
      0.0003871917724609375,
      0.0004360675811767578,
      0.00039386749267578125,
      0.0003733634948730469,
      0.0011265277862548828,
      0.007810115814208984,
      0.00047016143798828125,
      0.0003952980041503906,
      0.00039958953857421875
    ]
  },
  "average_times": {
    "forward": 0.00024618208408355713,
    "backward": 0.001137375831604004
  },
  "total_steps": 16
}