{
  "summary": {
    "total_steps": 30,
    "total_epochs": 3,
    "final_loss": 2.2115318775177,
    "final_accuracy": 0.28125,
    "average_step_time": 0.0012041886647542318,
    "average_epoch_time": 0.1176915168762207
  },
  "losses": [
    2.331477403640747,
    2.3121163845062256,
    2.3081722259521484,
    2.3100709915161133,
    2.306025743484497,
    2.2525482177734375,
    2.337677478790283,
    2.294536828994751,
    2.3063368797302246,
    2.3241608142852783,
    2.2684311866760254,
    2.2741737365722656,
    2.3383004665374756,
    2.265587329864502,
    2.2537436485290527,
    2.2758352756500244,
    2.2573888301849365,
    2.2932214736938477,
    2.2707557678222656,
    2.2511653900146484,
    2.267636775970459,
    2.2767245769500732,
    2.2696802616119385,
    2.2594330310821533,
    2.268585443496704,
    2.2598586082458496,
    2.2354724407196045,
    2.253793954849243,
    2.2427005767822266,
    2.2115318775177
  ],
  "accuracies": [
    0.0625,
    0.15625,
    0.0625,
    0.09375,
    0.09375,
    0.21875,
    0.0625,
    0.125,
    0.03125,
    0.0625,
    0.09375,
    0.125,
    0.0625,
    0.25,
    0.21875,
    0.15625,
    0.1875,
    0.03125,
    0.15625,
    0.15625,
    0.125,
    0.09375,
    0.15625,
    0.28125,
    0.1875,
    0.25,
    0.25,
    0.28125,
    0.28125,
    0.28125
  ],
  "step_times": [
    0.002826213836669922,
    0.003525972366333008,
    0.0018427371978759766,
    0.0012640953063964844,
    0.00202178955078125,
    0.001337289810180664,
    0.0013682842254638672,
    0.0011036396026611328,
    0.0009963512420654297,
    0.001631021499633789,
    0.00127410888671875,
    0.0014405250549316406,
    0.0015184879302978516,
    0.0013611316680908203,
    0.0011408329010009766,
    0.0009815692901611328,
    0.0008084774017333984,
    0.0007104873657226562,
    0.000698089599609375,
    0.0006046295166015625,
    0.0006513595581054688,
    0.0018668174743652344,
    0.0006206035614013672,
    0.0006546974182128906,
    0.0006806850433349609,
    0.0006368160247802734,
    0.0006630420684814453,
    0.0006299018859863281,
    0.0006089210510253906,
    0.0006570816040039062
  ],
  "epoch_times": [
    0.1685042381286621,
    0.17449212074279785,
    0.010078191757202148
  ]
}