{
  "profiler_manager": {
    "enabled": true,
    "output_dir": "runs/run_1756763226",
    "stage_times": {},
    "total_steps": 30,
    "artifacts": {
      "trace_json": true,
      "op_stats_csv": true,
      "stage_times_json": true
    }
  },
  "torch_profiler": {
    "is_active": false,
    "step_count": 0,
    "output_dir": "runs/run_1756763226/torch_profiler",
    "artifacts": {
      "trace_json": false,
      "op_stats_csv": false,
      "memory_stats_json": false
    }
  },
  "profiler_context": {
    "output_dir": "runs/run_1756763226/profiler_context",
    "stages": [
      "epoch_0",
      "forward",
      "backward",
      "epoch_1",
      "epoch_2"
    ],
    "average_times": {
      "epoch_0": 0.0005171298980712891,
      "forward": 0.0003947019577026367,
      "backward": 0.0007198969523111979,
      "epoch_1": 0.0005359649658203125,
      "epoch_2": 0.00025653839111328125
    },
    "total_stages": 5
  },
  "step_profiler": {
    "step_count": 30,
    "average_step_time": 0.0012047449747721354,
    "total_time": 0.03614234924316406,
    "step_times": [
      0.0028259754180908203,
      0.0035266876220703125,
      0.0018444061279296875,
      0.001264810562133789,
      0.0020227432250976562,
      0.0013384819030761719,
      0.001369476318359375,
      0.001104116439819336,
      0.0009963512420654297,
      0.0016322135925292969,
      0.0012748241424560547,
      0.0014417171478271484,
      0.001519918441772461,
      0.0013637542724609375,
      0.0011413097381591797,
      0.000982046127319336,
      0.0008089542388916016,
      0.0007107257843017578,
      0.0006985664367675781,
      0.0006046295166015625,
      0.0006515979766845703,
      0.0018668174743652344,
      0.0006206035614013672,
      0.0006546974182128906,
      0.0006809234619140625,
      0.000637054443359375,
      0.0006630420684814453,
      0.0006299018859863281,
      0.0006086826324462891,
      0.0006573200225830078
    ]
  }
}