step,epoch,learning_rate,loss,grad_norm,reward_mean,reward_std,kl_mean,kl_std,entropy_mean,clip_frac,value_loss,policy_loss,gpu_memory_used,gpu_memory_allocated,cpu_memory_used,step_time,wall_time,tokens_in,tokens_out,training_stability_score,convergence_indicator,phase,run_id,git_sha,seed
0,0.0,1e-05,0.0,0.9,0.2,0.15,0.12,0.0,2.2,0.18,0.5,0.0,0.0,0.0,0.8973045349121094,0.5689706802368164,0.0011653900146484375,0,0,1.0,0.0,train,demo_run,,42
0,0.0,1e-05,0.0,0.8200000000000001,0.28,0.16999999999999998,0.11,0.0,2.0500000000000003,0.16,0.45,0.0,0.0,0.0,0.8973045349121094,0.6692852973937988,0.10148048400878906,0,0,1.0,0.0,train,demo_run,,42
0,0.0,9.5e-06,0.0,0.74,0.36,0.19,0.09999999999999999,0.0,1.9000000000000001,0.13999999999999999,0.4,0.0,0.0,0.0,0.8973045349121094,0.7696084976196289,0.20180368423461914,0,0,1.0,0.0,train,demo_run,,42
0,0.0,9.5e-06,0.0,0.66,0.44,0.21,0.09,0.0,1.7500000000000002,0.12,0.35,0.0,0.0,0.0,0.8973045349121094,0.8698959350585938,0.3020908832550049,0,0,1.0,0.0,train,demo_run,,42
0,0.0,9.025e-06,0.0,0.5800000000000001,0.52,0.22999999999999998,0.07999999999999999,0.0,1.6,0.09999999999999999,0.3,0.0,0.0,0.0,0.8973045349121094,0.973555326461792,0.4057505130767822,0,0,1.0,0.0,train,demo_run,,42
0,0.0,9.025e-06,0.0,0.5,0.6000000000000001,0.25,0.06999999999999999,0.0,1.4500000000000002,0.07999999999999999,0.25,0.0,0.0,0.0,0.8973045349121094,1.0738403797149658,0.506035327911377,0,0,1.0,0.0,train,demo_run,,42
0,0.0,8.573749999999999e-06,0.0,0.42000000000000004,0.6799999999999999,0.27,0.06,0.0,1.3000000000000003,0.06,0.19999999999999996,0.0,0.0,0.0,0.8973045349121094,1.1740813255310059,0.6062760353088379,0,0,1.0,0.0,train,demo_run,,42
0,0.0,8.573749999999999e-06,0.0,0.33999999999999997,0.76,0.29000000000000004,0.04999999999999999,0.0,1.1500000000000001,0.03999999999999998,0.14999999999999997,0.0,0.0,0.0,0.8973045349121094,1.2762482166290283,0.7084431648254395,0,0,1.0,0.0,train,demo_run,,42
