{
  "stage_times": {
    "step_0": [
      3.0994415283203125e-06
    ],
    "forward": [
      0.0010056495666503906,
      0.0002963542938232422,
      9.560585021972656e-05,
      7.176399230957031e-05,
      8.273124694824219e-05,
      7.033348083496094e-05,
      9.298324584960938e-05,
      6.985664367675781e-05,
      6.651878356933594e-05,
      0.0005841255187988281,
      6.747245788574219e-05,
      0.00017952919006347656,
      6.628036499023438e-05,
      6.651878356933594e-05,
      7.05718994140625e-05,
      8.177757263183594e-05,
      0.00010395050048828125,
      6.604194641113281e-05,
      6.508827209472656e-05,
      7.343292236328125e-05
    ],
    "backward": [
      0.00041604042053222656,
      0.0003228187561035156,
      0.0002777576446533203,
      0.00028014183044433594,
      0.00027751922607421875,
      0.00028324127197265625,
      0.0002892017364501953,
      0.0002541542053222656,
      0.00026154518127441406,
      0.0002734661102294922,
      0.0002655982971191406,
      0.00026226043701171875,
      0.0002529621124267578,
      0.0002810955047607422,
      0.0002551078796386719,
      0.00027251243591308594,
      0.0002694129943847656,
      0.0002512931823730469,
      0.0002465248107910156,
      0.0002624988555908203
    ],
    "step_1": [
      1.6689300537109375e-06
    ],
    "step_2": [
      9.5367431640625e-07
    ],
    "step_3": [
      9.5367431640625e-07
    ],
    "step_4": [
      1.1920928955078125e-06
    ],
    "step_5": [
      1.430511474609375e-06
    ],
    "step_6": [
      1.1920928955078125e-06
    ],
    "step_7": [
      1.1920928955078125e-06
    ],
    "step_8": [
      9.5367431640625e-07
    ],
    "step_9": [
      1.1920928955078125e-06
    ],
    "step_10": [
      9.5367431640625e-07
    ],
    "step_11": [
      9.5367431640625e-07
    ],
    "step_12": [
      9.5367431640625e-07
    ],
    "step_13": [
      9.5367431640625e-07
    ],
    "step_14": [
      9.5367431640625e-07
    ],
    "step_15": [
      9.5367431640625e-07
    ],
    "step_16": [
      9.5367431640625e-07
    ],
    "step_17": [
      9.5367431640625e-07
    ],
    "step_18": [
      1.1920928955078125e-06
    ],
    "step_19": [
      9.5367431640625e-07
    ]
  },
  "average_times": {
    "step_0": 3.0994415283203125e-06,
    "forward": 0.00016382932662963867,
    "backward": 0.0002777576446533203,
    "step_1": 1.6689300537109375e-06,
    "step_2": 9.5367431640625e-07,
    "step_3": 9.5367431640625e-07,
    "step_4": 1.1920928955078125e-06,
    "step_5": 1.430511474609375e-06,
    "step_6": 1.1920928955078125e-06,
    "step_7": 1.1920928955078125e-06,
    "step_8": 9.5367431640625e-07,
    "step_9": 1.1920928955078125e-06,
    "step_10": 9.5367431640625e-07,
    "step_11": 9.5367431640625e-07,
    "step_12": 9.5367431640625e-07,
    "step_13": 9.5367431640625e-07,
    "step_14": 9.5367431640625e-07,
    "step_15": 9.5367431640625e-07,
    "step_16": 9.5367431640625e-07,
    "step_17": 9.5367431640625e-07,
    "step_18": 1.1920928955078125e-06,
    "step_19": 9.5367431640625e-07
  },
  "total_stages": 22,
  "timestamp": 1756763211.918231
}