{
  "stage_times": {
    "step_0": [
      2.384185791015625e-06
    ],
    "forward": [
      0.00011801719665527344,
      0.0001277923583984375,
      7.939338684082031e-05,
      7.915496826171875e-05,
      7.104873657226562e-05,
      7.343292236328125e-05,
      0.000102996826171875,
      9.465217590332031e-05,
      9.703636169433594e-05,
      7.510185241699219e-05,
      7.176399230957031e-05,
      0.0015592575073242188,
      0.00010609626770019531,
      8.344650268554688e-05,
      9.059906005859375e-05,
      7.581710815429688e-05,
      0.00012922286987304688,
      8.225440979003906e-05,
      6.985664367675781e-05,
      0.00012969970703125
    ],
    "backward": [
      0.00046706199645996094,
      0.0003781318664550781,
      0.00031566619873046875,
      0.00028634071350097656,
      0.0002732276916503906,
      0.0003027915954589844,
      0.00039076805114746094,
      0.0003368854522705078,
      0.0002994537353515625,
      0.0002815723419189453,
      0.0006947517395019531,
      0.0004544258117675781,
      0.00034308433532714844,
      0.0003285408020019531,
      0.0003352165222167969,
      0.00027370452880859375,
      0.00040912628173828125,
      0.0002830028533935547,
      0.003218412399291992,
      0.000354766845703125
    ],
    "step_1": [
      1.430511474609375e-06
    ],
    "step_2": [
      1.1920928955078125e-06
    ],
    "step_3": [
      1.1920928955078125e-06
    ],
    "step_4": [
      9.5367431640625e-07
    ],
    "step_5": [
      1.1920928955078125e-06
    ],
    "step_6": [
      1.430511474609375e-06
    ],
    "step_7": [
      9.5367431640625e-07
    ],
    "step_8": [
      1.1920928955078125e-06
    ],
    "step_9": [
      9.5367431640625e-07
    ],
    "step_10": [
      9.5367431640625e-07
    ],
    "step_11": [
      1.1920928955078125e-06
    ],
    "step_12": [
      1.430511474609375e-06
    ],
    "step_13": [
      1.1920928955078125e-06
    ],
    "step_14": [
      9.5367431640625e-07
    ],
    "step_15": [
      1.1920928955078125e-06
    ],
    "step_16": [
      1.430511474609375e-06
    ],
    "step_17": [
      1.430511474609375e-06
    ],
    "step_18": [
      9.5367431640625e-07
    ],
    "step_19": [
      1.1920928955078125e-06
    ]
  },
  "average_times": {
    "step_0": 2.384185791015625e-06,
    "forward": 0.00016583204269409179,
    "backward": 0.0005013465881347657,
    "step_1": 1.430511474609375e-06,
    "step_2": 1.1920928955078125e-06,
    "step_3": 1.1920928955078125e-06,
    "step_4": 9.5367431640625e-07,
    "step_5": 1.1920928955078125e-06,
    "step_6": 1.430511474609375e-06,
    "step_7": 9.5367431640625e-07,
    "step_8": 1.1920928955078125e-06,
    "step_9": 9.5367431640625e-07,
    "step_10": 9.5367431640625e-07,
    "step_11": 1.1920928955078125e-06,
    "step_12": 1.430511474609375e-06,
    "step_13": 1.1920928955078125e-06,
    "step_14": 9.5367431640625e-07,
    "step_15": 1.1920928955078125e-06,
    "step_16": 1.430511474609375e-06,
    "step_17": 1.430511474609375e-06,
    "step_18": 9.5367431640625e-07,
    "step_19": 1.1920928955078125e-06
  },
  "total_stages": 22,
  "timestamp": 1756760576.7995296
}