{
  "stage_times": {
    "epoch_0": [
      0.0003807544708251953
    ],
    "forward": [
      0.0021593570709228516,
      0.0008206367492675781,
      0.0010128021240234375,
      0.0008780956268310547,
      0.0008742809295654297,
      0.0008614063262939453,
      0.001314401626586914,
      0.000988006591796875,
      0.0006954669952392578,
      0.0009379386901855469,
      0.0008769035339355469,
      0.0009305477142333984,
      0.0009665489196777344,
      0.0008993148803710938,
      0.005075693130493164,
      0.0007393360137939453,
      0.0009615421295166016,
      0.0007388591766357422,
      0.0009105205535888672,
      0.0007317066192626953,
      0.0007231235504150391,
      0.0007550716400146484,
      0.0007152557373046875,
      0.0007040500640869141,
      0.0007104873657226562,
      0.0007140636444091797,
      0.0007710456848144531,
      0.0007562637329101562,
      0.0007388591766357422,
      0.0007212162017822266
    ],
    "backward": [
      0.027569293975830078,
      0.012530088424682617,
      0.013563156127929688,
      0.010822057723999023,
      0.011104822158813477,
      0.013442516326904297,
      0.01803112030029297,
      0.005549192428588867,
      0.004990577697753906,
      0.0053365230560302734,
      0.008587837219238281,
      0.011208295822143555,
      0.009334564208984375,
      0.010199785232543945,
      0.012599468231201172,
      0.006522655487060547,
      0.010253190994262695,
      0.006382465362548828,
      0.008609533309936523,
      0.00800776481628418,
      0.010123491287231445,
      0.008774757385253906,
      0.008139848709106445,
      0.008065223693847656,
      0.00809025764465332,
      0.008157014846801758,
      0.010169029235839844,
      0.008211374282836914,
      0.008043050765991211,
      0.00909113883972168
    ],
    "epoch_1": [
      0.00032210350036621094
    ],
    "epoch_2": [
      0.000263214111328125
    ]
  },
  "average_times": {
    "epoch_0": 0.0003807544708251953,
    "forward": 0.0010227600733439127,
    "backward": 0.010050336519877115,
    "epoch_1": 0.00032210350036621094,
    "epoch_2": 0.000263214111328125
  },
  "total_stages": 5,
  "timestamp": 1756763195.9891636
}