{
  "summary": {
    "total_steps": 30,
    "total_epochs": 3,
    "final_loss": 2.278501510620117,
    "final_accuracy": 0.09375,
    "average_step_time": 0.0009551763534545899,
    "average_epoch_time": 0.012040376663208008
  },
  "losses": [
    2.3095614910125732,
    2.301928997039795,
    2.2806689739227295,
    2.33536434173584,
    2.3009016513824463,
    2.300581455230713,
    2.2953732013702393,
    2.3025124073028564,
    2.3282828330993652,
    2.3592519760131836,
    2.276150941848755,
    2.253885507583618,
    2.2864346504211426,
    2.3009040355682373,
    2.291137456893921,
    2.319194793701172,
    2.2758278846740723,
    2.2650671005249023,
    2.2784297466278076,
    2.2643015384674072,
    2.2658040523529053,
    2.3172755241394043,
    2.271545648574829,
    2.267642021179199,
    2.262510061264038,
    2.243969202041626,
    2.234145402908325,
    2.2495946884155273,
    2.259598731994629,
    2.278501510620117
  ],
  "accuracies": [
    0.09375,
    0.09375,
    0.09375,
    0.0,
    0.1875,
    0.03125,
    0.15625,
    0.09375,
    0.09375,
    0.09375,
    0.15625,
    0.25,
    0.1875,
    0.03125,
    0.09375,
    0.125,
    0.125,
    0.21875,
    0.125,
    0.1875,
    0.1875,
    0.03125,
    0.0625,
    0.1875,
    0.1875,
    0.28125,
    0.3125,
    0.09375,
    0.15625,
    0.09375
  ],
  "step_times": [
    0.006113529205322266,
    0.0008976459503173828,
    0.0006766319274902344,
    0.0007119178771972656,
    0.0006754398345947266,
    0.00067901611328125,
    0.0015223026275634766,
    0.0006747245788574219,
    0.0006351470947265625,
    0.0006282329559326172,
    0.0007040500640869141,
    0.0007300376892089844,
    0.0006437301635742188,
    0.0006630420684814453,
    0.0006670951843261719,
    0.0018339157104492188,
    0.0006661415100097656,
    0.0006804466247558594,
    0.0006716251373291016,
    0.0006699562072753906,
    0.0006902217864990234,
    0.0006685256958007812,
    0.0015103816986083984,
    0.0006468296051025391,
    0.000659942626953125,
    0.0006146430969238281,
    0.0006432533264160156,
    0.0007274150848388672,
    0.0006785392761230469,
    0.0006709098815917969
  ],
  "epoch_times": [
    0.01650238037109375,
    0.010081291198730469,
    0.009537458419799805
  ]
}