{
  "profiler_manager": {
    "enabled": true,
    "output_dir": "runs/run_1756760593",
    "stage_times": {},
    "total_steps": 1,
    "artifacts": {
      "trace_json": false,
      "op_stats_csv": false,
      "stage_times_json": true
    }
  },
  "torch_profiler": {
    "is_active": false,
    "step_count": 4,
    "output_dir": "runs/run_1756760593/torch_profiler",
    "artifacts": {
      "trace_json": false,
      "op_stats_csv": false,
      "memory_stats_json": false
    }
  },
  "profiler_context": {
    "output_dir": "runs/run_1756760593/profiler_context",
    "stages": [
      "epoch_0",
      "forward",
      "backward",
      "epoch_1",
      "epoch_2"
    ],
    "average_times": {
      "epoch_0": 0.001047372817993164,
      "forward": 0.0002940654754638672,
      "backward": 0.0005563735961914062,
      "epoch_1": 0.0002524852752685547,
      "epoch_2": 0.0002608299255371094
    },
    "total_stages": 5
  },
  "step_profiler": {
    "step_count": 30,
    "average_step_time": 0.0009557088216145833,
    "total_time": 0.0286712646484375,
    "step_times": [
      0.006115436553955078,
      0.0008978843688964844,
      0.0006773471832275391,
      0.0007126331329345703,
      0.0006759166717529297,
      0.0006794929504394531,
      0.0015230178833007812,
      0.0006754398345947266,
      0.0006358623504638672,
      0.0006287097930908203,
      0.0007042884826660156,
      0.0007302761077880859,
      0.0006439685821533203,
      0.0006635189056396484,
      0.000667572021484375,
      0.0018343925476074219,
      0.0006666183471679688,
      0.0006806850433349609,
      0.0006718635559082031,
      0.0006704330444335938,
      0.0006909370422363281,
      0.0006690025329589844,
      0.0015108585357666016,
      0.0006473064422607422,
      0.0006604194641113281,
      0.0006153583526611328,
      0.0006437301635742188,
      0.0007278919219970703,
      0.00067901611328125,
      0.00067138671875
    ]
  }
}