{
  "summary": {
    "total_steps": 10,
    "total_epochs": 2,
    "final_loss": 2.239135503768921,
    "final_accuracy": 0.15625,
    "average_step_time": 0.001304292678833008,
    "average_epoch_time": 0.05465567111968994
  },
  "losses": [
    2.3236658573150635,
    2.275703191757202,
    2.3193485736846924,
    2.296261787414551,
    2.2777459621429443,
    2.282829761505127,
    2.2503607273101807,
    2.2952723503112793,
    2.3016858100891113,
    2.239135503768921
  ],
  "accuracies": [
    0.15625,
    0.1875,
    0.09375,
    0.15625,
    0.15625,
    0.03125,
    0.1875,
    0.09375,
    0.09375,
    0.15625
  ],
  "step_times": [
    0.003397226333618164,
    0.0025424957275390625,
    0.0015120506286621094,
    0.0015554428100585938,
    0.0009946823120117188,
    0.0006763935089111328,
    0.000629425048828125,
    0.000579833984375,
    0.0005714893341064453,
    0.0005838871002197266
  ],
  "epoch_times": [
    0.10521531105041504,
    0.004096031188964844
  ]
}