{
  "profiler_manager": {
    "enabled": true,
    "output_dir": "runs/run_1756765924",
    "stage_times": {
      "forward": 0.000457000732421875,
      "backward": 0.0007033348083496094
    },
    "total_steps": 10,
    "artifacts": {
      "trace_json": true,
      "op_stats_csv": true,
      "stage_times_json": true,
      "memory_stats_json": true
    }
  },
  "profiler_context": {
    "output_dir": "runs/run_1756765924",
    "stages": [
      "epoch_0",
      "forward",
      "backward",
      "epoch_1"
    ],
    "average_times": {
      "epoch_0": 0.0005626678466796875,
      "forward": 0.0004948139190673828,
      "backward": 0.0007292985916137696,
      "epoch_1": 0.0002396106719970703
    },
    "total_stages": 4
  },
  "step_profiler": {
    "step_count": 10,
    "average_step_time": 0.0013068437576293946,
    "total_time": 0.013068437576293945,
    "step_times": [
      0.003397703170776367,
      0.0025627613067626953,
      0.0015134811401367188,
      0.0015566349029541016,
      0.0009951591491699219,
      0.0006768703460693359,
      0.0006296634674072266,
      0.0005800724029541016,
      0.0005717277526855469,
      0.0005843639373779297
    ]
  }
}