{
  "stage_times": {
    "forward": [
      0.0017652511596679688,
      0.0010478496551513672,
      0.0003211498260498047,
      0.00032401084899902344,
      0.00039887428283691406,
      0.00015926361083984375,
      0.00014853477478027344,
      0.0001418590545654297,
      0.00013780593872070312,
      0.00012540817260742188
    ],
    "backward": [
      0.0013229846954345703,
      0.0012309551239013672,
      0.0009987354278564453,
      0.001051187515258789,
      0.0004885196685791016,
      0.00043392181396484375,
      0.00040030479431152344,
      0.0003643035888671875,
      0.00035858154296875,
      0.0003838539123535156
    ]
  },
  "average_times": {
    "forward": 0.000457000732421875,
    "backward": 0.0007033348083496094
  },
  "total_steps": 10
}