{
  "summary": {
    "total_steps": 10,
    "total_epochs": 2,
    "final_loss": 2.2680375576019287,
    "final_accuracy": 0.125,
    "average_step_time": 0.0015280961990356446,
    "average_epoch_time": 0.07456350326538086
  },
  "losses": [
    2.3148207664489746,
    2.350356101989746,
    2.347447156906128,
    2.3060526847839355,
    2.3279340267181396,
    2.326036214828491,
    2.299084424972534,
    2.279134750366211,
    2.235413074493408,
    2.2680375576019287
  ],
  "accuracies": [
    0.0625,
    0.0,
    0.0,
    0.125,
    0.125,
    0.0,
    0.25,
    0.25,
    0.25,
    0.125
  ],
  "step_times": [
    0.0030705928802490234,
    0.0030426979064941406,
    0.0016164779663085938,
    0.0012097358703613281,
    0.0012764930725097656,
    0.0012357234954833984,
    0.0011830329895019531,
    0.0008921623229980469,
    0.0005161762237548828,
    0.0012378692626953125
  ],
  "epoch_times": [
    0.013087749481201172,
    0.13603925704956055
  ]
}