{
  "stage_times": {
    "epoch_0": [
      0.0006246566772460938
    ],
    "forward": [
      0.001245260238647461,
      0.002425670623779297,
      0.0003941059112548828,
      0.0002467632293701172,
      0.00023984909057617188,
      0.0002741813659667969,
      0.00030422210693359375,
      0.0003647804260253906,
      0.00012755393981933594,
      0.0002646446228027344
    ],
    "backward": [
      0.0015513896942138672,
      0.0005469322204589844,
      0.0010814666748046875,
      0.0008702278137207031,
      0.0008380413055419922,
      0.0008711814880371094,
      0.0007948875427246094,
      0.0004706382751464844,
      0.0003459453582763672,
      0.0008745193481445312
    ],
    "epoch_1": [
      0.00045490264892578125
    ]
  },
  "average_times": {
    "epoch_0": 0.0006246566772460938,
    "forward": 0.0005887031555175781,
    "backward": 0.0008245229721069336,
    "epoch_1": 0.00045490264892578125
  },
  "total_stages": 4,
  "timestamp": 1756763158.2469811
}