{
  "summary": {
    "total_steps": 30,
    "total_epochs": 3,
    "final_loss": 3.9875168800354004,
    "final_accuracy": 0.125,
    "average_step_time": 0.011199704806009929,
    "average_epoch_time": 0.22127016385396323
  },
  "losses": [
    4.616565227508545,
    4.631040573120117,
    4.61301851272583,
    4.684296607971191,
    4.609440803527832,
    4.58107328414917,
    4.743560314178467,
    4.642833709716797,
    4.753445625305176,
    4.622483253479004,
    4.431009292602539,
    4.177938461303711,
    4.472445964813232,
    4.333380699157715,
    4.239535808563232,
    4.096101760864258,
    4.216153144836426,
    3.9784648418426514,
    3.9061996936798096,
    4.348337173461914,
    4.154051780700684,
    3.2753357887268066,
    3.8256168365478516,
    3.72127628326416,
    3.9705381393432617,
    3.4735922813415527,
    4.048356533050537,
    3.8906311988830566,
    3.5898849964141846,
    3.9875168800354004
  ],
  "accuracies": [
    0.0,
    0.0,
    0.0,
    0.0,
    0.0,
    0.0,
    0.0,
    0.0,
    0.0,
    0.0,
    0.0,
    0.25,
    0.0,
    0.125,
    0.0,
    0.0,
    0.0,
    0.0,
    0.125,
    0.125,
    0.0,
    0.25,
    0.0,
    0.0,
    0.0,
    0.25,
    0.125,
    0.125,
    0.25,
    0.125
  ],
  "step_times": [
    0.029883623123168945,
    0.013429403305053711,
    0.014712333679199219,
    0.01182246208190918,
    0.012083292007446289,
    0.01441192626953125,
    0.02046990394592285,
    0.006646156311035156,
    0.00575566291809082,
    0.006391763687133789,
    0.009574174880981445,
    0.012246131896972656,
    0.010463953018188477,
    0.011200904846191406,
    0.01780080795288086,
    0.007330894470214844,
    0.011283159255981445,
    0.007207155227661133,
    0.009589910507202148,
    0.008809328079223633,
    0.010913610458374023,
    0.009598255157470703,
    0.008922815322875977,
    0.008847951889038086,
    0.008878946304321289,
    0.008939743041992188,
    0.01100921630859375,
    0.009037017822265625,
    0.00885009765625,
    0.009880542755126953
  ],
  "epoch_times": [
    0.3004436492919922,
    0.26662373542785645,
    0.09674310684204102
  ]
}