{
  "profiler_manager": {
    "enabled": true,
    "output_dir": "runs/run_1756763194",
    "stage_times": {},
    "total_steps": 30,
    "artifacts": {
      "trace_json": true,
      "op_stats_csv": true,
      "stage_times_json": true
    }
  },
  "torch_profiler": {
    "is_active": false,
    "step_count": 0,
    "output_dir": "runs/run_1756763194/torch_profiler",
    "artifacts": {
      "trace_json": false,
      "op_stats_csv": false,
      "memory_stats_json": false
    }
  },
  "profiler_context": {
    "output_dir": "runs/run_1756763194/profiler_context",
    "stages": [
      "epoch_0",
      "forward",
      "backward",
      "epoch_1",
      "epoch_2"
    ],
    "average_times": {
      "epoch_0": 0.0003807544708251953,
      "forward": 0.0010227600733439127,
      "backward": 0.010050336519877115,
      "epoch_1": 0.00032210350036621094,
      "epoch_2": 0.000263214111328125
    },
    "total_stages": 5
  },
  "step_profiler": {
    "step_count": 30,
    "average_step_time": 0.011200539271036784,
    "total_time": 0.3360161781311035,
    "step_times": [
      0.029883861541748047,
      0.013430356979370117,
      0.01471400260925293,
      0.01182413101196289,
      0.0120849609375,
      0.01441335678100586,
      0.02047276496887207,
      0.006646633148193359,
      0.0057561397552490234,
      0.0063931941986083984,
      0.009575366973876953,
      0.012246847152709961,
      0.010464906692504883,
      0.011201858520507812,
      0.017800092697143555,
      0.00733184814453125,
      0.011283636093139648,
      0.007208347320556641,
      0.009590625762939453,
      0.008809804916381836,
      0.010914325714111328,
      0.009598731994628906,
      0.008923530578613281,
      0.008848190307617188,
      0.008879661560058594,
      0.00894021987915039,
      0.011009454727172852,
      0.00903773307800293,
      0.008850574493408203,
      0.009881019592285156
    ]
  }
}