{
  "summary": {
    "total_steps": 10,
    "total_epochs": 2,
    "final_loss": 2.279350757598877,
    "final_accuracy": 0.09375,
    "average_step_time": 0.0011183738708496094,
    "average_epoch_time": 0.00709688663482666
  },
  "losses": [
    2.3308372497558594,
    2.312530994415283,
    2.328739643096924,
    2.320758581161499,
    2.3051700592041016,
    2.2921931743621826,
    2.300602912902832,
    2.3200809955596924,
    2.251082420349121,
    2.279350757598877
  ],
  "accuracies": [
    0.09375,
    0.125,
    0.0625,
    0.0625,
    0.1875,
    0.28125,
    0.09375,
    0.15625,
    0.0625,
    0.09375
  ],
  "step_times": [
    0.0030317306518554688,
    0.0008008480072021484,
    0.002376556396484375,
    0.0007014274597167969,
    0.0006375312805175781,
    0.0011239051818847656,
    0.0006642341613769531,
    0.0006270408630371094,
    0.0006153583526611328,
    0.0006051063537597656
  ],
  "epoch_times": [
    0.009521007537841797,
    0.0046727657318115234
  ]
}