{
  "profiler_manager": {
    "enabled": true,
    "output_dir": "runs/run_1756760489",
    "stage_times": {},
    "total_steps": 1,
    "artifacts": {
      "trace_json": false,
      "op_stats_csv": false,
      "stage_times_json": true
    }
  },
  "torch_profiler": {
    "is_active": false,
    "step_count": 4,
    "output_dir": "runs/run_1756760489/torch_profiler",
    "artifacts": {
      "trace_json": false,
      "op_stats_csv": false,
      "memory_stats_json": false
    }
  },
  "profiler_context": {
    "output_dir": "runs/run_1756760489/profiler_context",
    "stages": [
      "epoch_0",
      "forward",
      "backward",
      "epoch_1"
    ],
    "average_times": {
      "epoch_0": 0.0006458759307861328,
      "forward": 0.0005133867263793946,
      "backward": 0.0005381345748901367,
      "epoch_1": 0.00023555755615234375
    },
    "total_stages": 4
  },
  "step_profiler": {
    "step_count": 10,
    "average_step_time": 0.001118779182434082,
    "total_time": 0.01118779182434082,
    "step_times": [
      0.0030319690704345703,
      0.0008015632629394531,
      0.002376556396484375,
      0.0007016658782958984,
      0.0006377696990966797,
      0.0011241436004638672,
      0.0006649494171142578,
      0.0006277561187744141,
      0.0006158351898193359,
      0.0006055831909179688
    ]
  }
}