{
  "stage_times": {
    "forward": [
      0.041303157806396484,
      0.016598224639892578,
      0.017681598663330078,
      0.016654014587402344,
      0.017391681671142578,
      0.017169475555419922
    ],
    "backward": [
      0.41397738456726074,
      0.1864147186279297,
      0.17371416091918945,
      0.20325946807861328,
      0.15467262268066406,
      0.17995166778564453
    ]
  },
  "average_times": {
    "forward": 0.021133025487263996,
    "backward": 0.2186650037765503
  },
  "total_steps": 0
}