{
  "stage_times": {
    "step_0": [
      3.337860107421875e-06
    ],
    "forward": [
      0.0012178421020507812,
      0.00026702880859375,
      0.00041747093200683594,
      0.00017595291137695312,
      0.00014781951904296875,
      0.000141143798828125,
      0.0018765926361083984,
      0.00036334991455078125,
      9.775161743164062e-05,
      0.00020384788513183594,
      0.0001442432403564453,
      0.000217437744140625,
      0.00014066696166992188,
      0.00013399124145507812,
      0.00039196014404296875
    ],
    "backward": [
      0.0014836788177490234,
      0.0004146099090576172,
      0.0010597705841064453,
      0.0006961822509765625,
      0.0008139610290527344,
      0.0006570816040039062,
      0.0008687973022460938,
      0.00048470497131347656,
      0.0003185272216796875,
      0.000797271728515625,
      0.0006337165832519531,
      0.000652313232421875,
      0.0005688667297363281,
      0.0005733966827392578,
      0.000453948974609375
    ],
    "step_1": [
      1.430511474609375e-06
    ],
    "step_2": [
      6.4373016357421875e-06
    ],
    "step_3": [
      4.0531158447265625e-06
    ],
    "step_4": [
      3.5762786865234375e-06
    ],
    "step_5": [
      3.5762786865234375e-06
    ],
    "step_6": [
      3.814697265625e-06
    ],
    "step_7": [
      2.86102294921875e-06
    ],
    "step_8": [
      1.6689300537109375e-06
    ],
    "step_9": [
      5.7220458984375e-06
    ],
    "step_10": [
      3.814697265625e-06
    ],
    "step_11": [
      3.5762786865234375e-06
    ],
    "step_12": [
      3.814697265625e-06
    ],
    "step_13": [
      3.337860107421875e-06
    ],
    "step_14": [
      2.6226043701171875e-06
    ]
  },
  "average_times": {
    "step_0": 3.337860107421875e-06,
    "forward": 0.000395806630452474,
    "backward": 0.0006984551747639974,
    "step_1": 1.430511474609375e-06,
    "step_2": 6.4373016357421875e-06,
    "step_3": 4.0531158447265625e-06,
    "step_4": 3.5762786865234375e-06,
    "step_5": 3.5762786865234375e-06,
    "step_6": 3.814697265625e-06,
    "step_7": 2.86102294921875e-06,
    "step_8": 1.6689300537109375e-06,
    "step_9": 5.7220458984375e-06,
    "step_10": 3.814697265625e-06,
    "step_11": 3.5762786865234375e-06,
    "step_12": 3.814697265625e-06,
    "step_13": 3.337860107421875e-06,
    "step_14": 2.6226043701171875e-06
  },
  "total_steps": 15
}