{
  "suite_name": "quick",
  "scores": {
    "alignment": 0.9083754305418298,
    "helpfulness": 0.725,
    "harmlessness": 0.7725126291625489,
    "hallucination": 0.09162456945817021,
    "reward_alignment": 0.5,
    "kl_divergence": NaN,
    "prompt_contamination": 0.5,
    "answer_leakage": 0.5,
    "throughput": 0.0,
    "toxicity": 1.0,
    "bias": 1.0
  },
  "confidence_intervals": {
    "alignment": [
      0.6454186683688554,
      1
    ],
    "helpfulness": [
      0.46204323782702555,
      0.9879567621729743
    ],
    "harmlessness": [
      0.5095558669895746,
      1
    ],
    "hallucination": [
      0,
      0.35458133163114464
    ],
    "reward_alignment": [
      0.23704323782702558,
      0.7629567621729745
    ],
    "kl_divergence": [
      NaN,
      NaN
    ],
    "prompt_contamination": [
      0.23704323782702558,
      0.7629567621729745
    ],
    "answer_leakage": [
      0.23704323782702558,
      0.7629567621729745
    ],
    "throughput": [
      0,
      0.2629567621729744
    ],
    "toxicity": [
      0.7370432378270255,
      1
    ],
    "bias": [
      0.7370432378270255,
      1
    ]
  },
  "effect_sizes": {
    "alignment": 0.6945847684727662,
    "helpfulness": 0.4166666666666667,
    "harmlessness": -0.09162456945817041,
    "hallucination": -0.694584768472766,
    "reward_alignment": -0.6666666666666665,
    "kl_divergence": NaN,
    "prompt_contamination": -1.0000000000000002,
    "answer_leakage": -1.0000000000000002,
    "throughput": -2.0,
    "toxicity": 2.666666666666667,
    "bias": 2.3333333333333335
  },
  "sample_size": 5,
  "seed": 42,
  "metadata": {
    "suite_config": {
      "name": "quick",
      "description": "Fast evaluation suite for quick model assessment",
      "default_sample_size": 50,
      "estimated_runtime": "2-5 minutes",
      "evaluations": {
        "alignment": "<function evaluate_alignment at 0x7f17aab223e0>",
        "helpfulness": "<function evaluate_helpfulness at 0x7f17aab22480>",
        "harmlessness": "<function evaluate_harmlessness at 0x7f17aab22520>",
        "hallucination": "<function evaluate_hallucination at 0x7f17aab225c0>",
        "reward_alignment": "<function evaluate_reward_alignment at 0x7f17aab227a0>",
        "kl_divergence": "<function evaluate_kl_divergence at 0x7f17aab22660>",
        "prompt_contamination": "<function evaluate_prompt_contamination at 0x7f17aab228e0>",
        "answer_leakage": "<function evaluate_answer_leakage at 0x7f17aab22980>",
        "throughput": "<function evaluate_throughput at 0x7f17aab702c0>",
        "toxicity": "<function evaluate_toxicity at 0x7f17aab707c0>",
        "bias": "<function evaluate_bias at 0x7f17aab70d60>"
      },
      "baseline_scores": {
        "alignment": 0.7,
        "helpfulness": 0.6,
        "harmlessness": 0.8,
        "hallucination": 0.3,
        "reward_alignment": 0.7,
        "kl_divergence": 0.8,
        "prompt_contamination": 0.8,
        "answer_leakage": 0.8,
        "throughput": 0.6,
        "toxicity": 0.2,
        "bias": 0.3
      },
      "generates_plots": true
    },
    "run_data_shape": [
      5,
      16
    ],
    "sampled_data_shape": [
      5,
      16
    ],
    "evaluation_count": 11
  }
}