{
  "stage_times": {
    "forward": [
      0.030062198638916016,
      0.02250504493713379,
      0.022675514221191406,
      0.023894548416137695,
      0.022290945053100586,
      0.023346662521362305,
      0.02336740493774414,
      0.022739171981811523,
      0.022258281707763672,
      0.022301197052001953
    ],
    "backward": [
      0.48874878883361816,
      0.23500418663024902,
      0.16208672523498535,
      0.18539786338806152,
      0.209489107131958,
      0.2220287322998047,
      0.21684551239013672,
      0.1999201774597168,
      0.22377943992614746,
      0.22413015365600586
    ]
  },
  "average_times": {
    "forward": 0.02354409694671631,
    "backward": 0.23674306869506836
  },
  "total_steps": 0
}