{
  "stage_times": {
    "epoch_0": [
      0.0005476474761962891
    ],
    "forward": [
      0.001367807388305664,
      0.006052494049072266,
      0.0004878044128417969
    ],
    "backward": [
      0.0012235641479492188,
      0.0009648799896240234,
      0.0015425682067871094
    ]
  },
  "average_times": {
    "epoch_0": 0.0005476474761962891,
    "forward": 0.0026360352834065757,
    "backward": 0.0012436707814534504
  },
  "total_stages": 3,
  "timestamp": 1756761677.8901157
}