{
  "summary": {
    "total_steps": 30,
    "total_epochs": 3,
    "final_loss": 2.270111322402954,
    "final_accuracy": 0.15625,
    "average_step_time": 0.0011755784352620443,
    "average_epoch_time": 0.1154497464497884
  },
  "losses": [
    2.2675416469573975,
    2.3019328117370605,
    2.2967472076416016,
    2.3148117065429688,
    2.297283411026001,
    2.3155648708343506,
    2.3094277381896973,
    2.3092386722564697,
    2.305863618850708,
    2.342486619949341,
    2.321303606033325,
    2.2730672359466553,
    2.2635505199432373,
    2.273261547088623,
    2.3119657039642334,
    2.2875783443450928,
    2.2842159271240234,
    2.2705421447753906,
    2.246520757675171,
    2.2891805171966553,
    2.264547348022461,
    2.2852518558502197,
    2.288975954055786,
    2.230811834335327,
    2.2666122913360596,
    2.264873504638672,
    2.229565143585205,
    2.2223477363586426,
    2.221297025680542,
    2.270111322402954
  ],
  "accuracies": [
    0.1875,
    0.125,
    0.15625,
    0.09375,
    0.0625,
    0.03125,
    0.09375,
    0.0625,
    0.15625,
    0.0625,
    0.0625,
    0.125,
    0.3125,
    0.125,
    0.0625,
    0.15625,
    0.15625,
    0.125,
    0.21875,
    0.09375,
    0.1875,
    0.0625,
    0.125,
    0.15625,
    0.21875,
    0.15625,
    0.09375,
    0.21875,
    0.25,
    0.15625
  ],
  "step_times": [
    0.002213716506958008,
    0.0007805824279785156,
    0.0021066665649414062,
    0.0016207695007324219,
    0.0022363662719726562,
    0.0015230178833007812,
    0.0015845298767089844,
    0.0010039806365966797,
    0.0006635189056396484,
    0.0014233589172363281,
    0.0012803077697753906,
    0.0012030601501464844,
    0.0014109611511230469,
    0.0016443729400634766,
    0.004879951477050781,
    0.0006604194641113281,
    0.0006227493286132812,
    0.0006382465362548828,
    0.0006330013275146484,
    0.0005958080291748047,
    0.0006566047668457031,
    0.0010483264923095703,
    0.0006437301635742188,
    0.0006318092346191406,
    0.0005731582641601562,
    0.0005648136138916016,
    0.0006072521209716797,
    0.0006392002105712891,
    0.0006201267242431641,
    0.00055694580078125
  ],
  "epoch_times": [
    0.1803579330444336,
    0.15752744674682617,
    0.008463859558105469
  ]
}