{
  "profiler_manager": {
    "enabled": true,
    "output_dir": "runs/run_1756764004",
    "stage_times": {
      "forward": 0.00042602221171061195,
      "backward": 0.0006158113479614258
    },
    "total_steps": 30,
    "artifacts": {
      "trace_json": true,
      "op_stats_csv": true,
      "stage_times_json": true
    }
  },
  "torch_profiler": {
    "is_active": false,
    "step_count": 0,
    "output_dir": "runs/run_1756764004",
    "artifacts": {
      "trace_json": true,
      "op_stats_csv": true,
      "memory_stats_json": false
    }
  },
  "profiler_context": {
    "output_dir": "runs/run_1756764004",
    "stages": [
      "epoch_0",
      "forward",
      "backward",
      "epoch_1",
      "epoch_2"
    ],
    "average_times": {
      "epoch_0": 0.00048232078552246094,
      "forward": 0.00046179294586181643,
      "backward": 0.0006414175033569336,
      "epoch_1": 0.0005235671997070312,
      "epoch_2": 0.00022935867309570312
    },
    "total_stages": 5
  },
  "step_profiler": {
    "step_count": 30,
    "average_step_time": 0.0011762062708536784,
    "total_time": 0.03528618812561035,
    "step_times": [
      0.002214193344116211,
      0.0007810592651367188,
      0.0021080970764160156,
      0.0016219615936279297,
      0.0022377967834472656,
      0.001524209976196289,
      0.0015854835510253906,
      0.0010046958923339844,
      0.00066375732421875,
      0.0014247894287109375,
      0.00128173828125,
      0.0012042522430419922,
      0.0014119148254394531,
      0.0016453266143798828,
      0.004878997802734375,
      0.0006606578826904297,
      0.0006229877471923828,
      0.0006387233734130859,
      0.0006334781646728516,
      0.0005960464477539062,
      0.0006568431854248047,
      0.0010488033294677734,
      0.0006442070007324219,
      0.0006322860717773438,
      0.0005733966827392578,
      0.0005650520324707031,
      0.0006077289581298828,
      0.0006396770477294922,
      0.0006203651428222656,
      0.0005576610565185547
    ]
  }
}