{
  "stage_times": {
    "forward": [
      0.0009818077087402344,
      0.00020313262939453125,
      0.0006432533264160156,
      0.0003523826599121094,
      0.0009815692901611328,
      0.0003275871276855469,
      0.00032591819763183594,
      0.0004024505615234375,
      0.00016188621520996094,
      0.0002951622009277344,
      0.0002548694610595703,
      0.00024771690368652344,
      0.0002529621124267578,
      0.0006823539733886719,
      0.00405120849609375,
      0.00016069412231445312,
      0.00015115737915039062,
      0.00015211105346679688,
      0.00015306472778320312,
      0.0001361370086669922,
      0.0001513957977294922,
      0.0005693435668945312,
      0.0001499652862548828,
      0.00015306472778320312,
      0.00013256072998046875,
      0.0001347064971923828,
      0.00014495849609375,
      0.00014209747314453125,
      0.00014925003051757812,
      0.00013589859008789062
    ],
    "backward": [
      0.0010132789611816406,
      0.0004794597625732422,
      0.0012042522430419922,
      0.0010721683502197266,
      0.0010762214660644531,
      0.0010180473327636719,
      0.0010745525360107422,
      0.0004930496215820312,
      0.0004165172576904297,
      0.0009233951568603516,
      0.0008513927459716797,
      0.0007865428924560547,
      0.0008022785186767578,
      0.0007903575897216797,
      0.0006320476531982422,
      0.0004107952117919922,
      0.00037741661071777344,
      0.00040531158447265625,
      0.0004000663757324219,
      0.0003726482391357422,
      0.0004253387451171875,
      0.0003962516784667969,
      0.0004115104675292969,
      0.0003991127014160156,
      0.00036072731018066406,
      0.0003578662872314453,
      0.00037384033203125,
      0.0004038810729980469,
      0.0003948211669921875,
      0.00035119056701660156
    ]
  },
  "average_times": {
    "forward": 0.00042602221171061195,
    "backward": 0.0006158113479614258
  },
  "total_steps": 30
}