{
  "stage_times": {
    "epoch_0": [
      0.0006458759307861328
    ],
    "forward": [
      0.0015671253204345703,
      0.00019884109497070312,
      0.0017888545989990234,
      0.00016927719116210938,
      0.00016117095947265625,
      0.0006167888641357422,
      0.00016379356384277344,
      0.00015401840209960938,
      0.00015616416931152344,
      0.00015783309936523438
    ],
    "backward": [
      0.0012729167938232422,
      0.0005316734313964844,
      0.0005147457122802734,
      0.00048089027404785156,
      0.0004284381866455078,
      0.0004563331604003906,
      0.0004506111145019531,
      0.0004277229309082031,
      0.00041413307189941406,
      0.0004038810729980469
    ],
    "epoch_1": [
      0.00023555755615234375
    ]
  },
  "average_times": {
    "epoch_0": 0.0006458759307861328,
    "forward": 0.0005133867263793946,
    "backward": 0.0005381345748901367,
    "epoch_1": 0.00023555755615234375
  },
  "total_stages": 4,
  "timestamp": 1756760490.2492964
}