{
  "stage_times": {
    "step_0": [
      3.337860107421875e-06
    ],
    "forward": [
      0.00011110305786132812,
      0.00011086463928222656,
      7.534027099609375e-05,
      6.437301635742188e-05,
      0.0015723705291748047,
      8.535385131835938e-05,
      0.00013446807861328125,
      7.915496826171875e-05,
      6.842613220214844e-05,
      0.0009169578552246094,
      7.176399230957031e-05,
      0.00014519691467285156,
      6.794929504394531e-05,
      6.413459777832031e-05,
      7.295608520507812e-05
    ],
    "backward": [
      0.0004432201385498047,
      0.0003101825714111328,
      0.0002624988555908203,
      0.00026917457580566406,
      0.0002892017364501953,
      0.00028443336486816406,
      0.0002942085266113281,
      0.0002810955047607422,
      0.0002582073211669922,
      0.00027298927307128906,
      0.0002593994140625,
      0.00027370452880859375,
      0.00025081634521484375,
      0.00027751922607421875,
      0.0002651214599609375
    ],
    "step_1": [
      1.430511474609375e-06
    ],
    "step_2": [
      9.5367431640625e-07
    ],
    "step_3": [
      1.1920928955078125e-06
    ],
    "step_4": [
      7.152557373046875e-07
    ],
    "step_5": [
      1.1920928955078125e-06
    ],
    "step_6": [
      9.5367431640625e-07
    ],
    "step_7": [
      1.1920928955078125e-06
    ],
    "step_8": [
      7.152557373046875e-07
    ],
    "step_9": [
      1.1920928955078125e-06
    ],
    "step_10": [
      1.430511474609375e-06
    ],
    "step_11": [
      9.5367431640625e-07
    ],
    "step_12": [
      9.5367431640625e-07
    ],
    "step_13": [
      1.1920928955078125e-06
    ],
    "step_14": [
      9.5367431640625e-07
    ]
  },
  "average_times": {
    "step_0": 3.337860107421875e-06,
    "forward": 0.0002426942189534505,
    "backward": 0.0002861181894938151,
    "step_1": 1.430511474609375e-06,
    "step_2": 9.5367431640625e-07,
    "step_3": 1.1920928955078125e-06,
    "step_4": 7.152557373046875e-07,
    "step_5": 1.1920928955078125e-06,
    "step_6": 9.5367431640625e-07,
    "step_7": 1.1920928955078125e-06,
    "step_8": 7.152557373046875e-07,
    "step_9": 1.1920928955078125e-06,
    "step_10": 1.430511474609375e-06,
    "step_11": 9.5367431640625e-07,
    "step_12": 9.5367431640625e-07,
    "step_13": 1.1920928955078125e-06,
    "step_14": 9.5367431640625e-07
  },
  "total_stages": 17,
  "timestamp": 1756763207.5907426
}