{
  "stage_times": {
    "forward": [
      0.09652352333068848,
      0.03430366516113281,
      0.03454995155334473,
      0.034874916076660156,
      0.03601551055908203,
      0.034879207611083984,
      0.040463924407958984,
      0.0340728759765625,
      0.033033132553100586,
      0.033863067626953125,
      0.0361173152923584,
      0.03444480895996094,
      0.035173654556274414,
      0.035516977310180664,
      0.03443646430969238,
      0.03412961959838867,
      0.03492856025695801,
      0.03462386131286621,
      0.04394340515136719,
      0.03236865997314453,
      0.03492593765258789,
      0.03877663612365723,
      0.03375720977783203,
      0.03487133979797363
    ],
    "backward": [
      0.8356273174285889,
      0.34479856491088867,
      0.24114680290222168,
      0.2780601978302002,
      0.23477745056152344,
      0.22934365272521973,
      0.28337883949279785,
      0.278794527053833,
      0.2798337936401367,
      0.2595479488372803,
      0.2650928497314453,
      0.24460721015930176,
      0.30287981033325195,
      0.24786138534545898,
      0.3191087245941162,
      0.25579833984375,
      0.3162248134613037,
      0.2541501522064209,
      0.2609243392944336,
      0.3120229244232178,
      0.2534675598144531,
      0.3199326992034912,
      0.25888681411743164,
      0.3223395347595215
    ]
  },
  "average_times": {
    "forward": 0.037941426038742065,
    "backward": 0.29994192719459534
  },
  "total_steps": 0
}