{
  "version": "1",
  "summary": {
    "num_params": 2,
    "avg_cosine": 1.0000000404017975,
    "l2_p05": 0.0,
    "l2_p50": 0.0,
    "l2_p95": 0.0
  },
  "top_movers": [
    {
      "name": "layer1.bias",
      "l2": 0.0,
      "cosine": 1.0000001133545728
    },
    {
      "name": "layer1.weight",
      "l2": 0.0,
      "cosine": 0.9999999674490221
    }
  ],
  "notes": []
}