{
  "version": "1",
  "summary": {
    "num_params": 4,
    "num_common_params": 4,
    "num_only_in_a": 0,
    "num_only_in_b": 0,
    "avg_cosine": -0.1388908303375567,
    "l2_p05": 3.1259507179260253,
    "l2_p50": 4.8674585819244385,
    "l2_p95": 8.978454041481017
  },
  "top_movers": [
    {
      "name": "layer1.weight",
      "l2": 9.63839054107666,
      "cosine": 0.2270970589919572
    },
    {
      "name": "layer2.weight",
      "l2": 5.238813877105713,
      "cosine": 0.06037624123677992
    },
    {
      "name": "layer1.bias",
      "l2": 4.496103286743164,
      "cosine": 0.15696336468790492
    },
    {
      "name": "layer2.bias",
      "l2": 2.8841590881347656,
      "cosine": -0.9999999862668688
    }
  ],
  "notes": [
    "Both checkpoints share 4 parameters"
  ]
}