{
  "version": "1",
  "pearson": 0.0823137324609806,
  "spearman": -0.11904761904761905,
  "mae_z": 1.1532775906501953,
  "l2_z": 1.3547592166425881,
  "sign_flip_rate": 0.625,
  "slice_deltas": {
    "math": {
      "delta_mean": -0.7926666666666667,
      "n": 3
    },
    "refusal": {
      "delta_mean": -0.6799999999999999,
      "n": 1
    },
    "code": {
      "delta_mean": 0.43300000000000005,
      "n": 3
    }
  }
}