{
  "version": "1",
  "pearson": -0.014545008080070695,
  "spearman": -0.19047619047619052,
  "mae_z": 1.0176531056210352,
  "l2_z": 1.4244613073580277,
  "sign_flip_rate": 0.25,
  "slice_deltas": {
    "math": {
      "delta_mean": -0.5343333333333333,
      "n": 3
    },
    "refusal": {
      "delta_mean": -0.533,
      "n": 1
    },
    "code": {
      "delta_mean": 0.14433333333333334,
      "n": 3
    }
  }
}