{
  "summary": {
    "total_steps": 10,
    "total_epochs": 2,
    "final_loss": 2.2733564376831055,
    "final_accuracy": 0.21875,
    "average_step_time": 0.0017363309860229492,
    "average_epoch_time": 0.0978928804397583
  },
  "losses": [
    2.2670857906341553,
    2.352226495742798,
    2.2827296257019043,
    2.3050575256347656,
    2.3363213539123535,
    2.2872374057769775,
    2.251967430114746,
    2.2913732528686523,
    2.292081117630005,
    2.2733564376831055
  ],
  "accuracies": [
    0.15625,
    0.0625,
    0.15625,
    0.09375,
    0.09375,
    0.09375,
    0.1875,
    0.09375,
    0.125,
    0.21875
  ],
  "step_times": [
    0.004136562347412109,
    0.000736236572265625,
    0.0019598007202148438,
    0.0026018619537353516,
    0.0016515254974365234,
    0.0016300678253173828,
    0.0016109943389892578,
    0.0009453296661376953,
    0.0006248950958251953,
    0.0014660358428955078
  ],
  "epoch_times": [
    0.014415979385375977,
    0.18136978149414062
  ]
}