{
  "stage_times": {
    "forward": [
      0.0024099349975585938,
      0.00019669532775878906,
      0.0004010200500488281,
      0.0003440380096435547,
      0.0003452301025390625,
      0.00037360191345214844,
      0.0004909038543701172,
      0.0003743171691894531,
      0.0001537799835205078,
      0.0002968311309814453
    ],
    "backward": [
      0.0014142990112304688,
      0.00044274330139160156,
      0.0012676715850830078,
      0.0020477771759033203,
      0.0011112689971923828,
      0.0010609626770019531,
      0.0009298324584960938,
      0.0004665851593017578,
      0.00038933753967285156,
      0.0009684562683105469
    ]
  },
  "average_times": {
    "forward": 0.00053863525390625,
    "backward": 0.0010098934173583985
  },
  "total_steps": 10
}