{
  "total_steps": 100,
  "total_time_seconds": 0.09918475151062012,
  "steps_per_second": 1008.2194941960669,
  "average_step_time": 0.0009914112091064453,
  "peak_memory_mb": 0,
  "final_kl_mean": 0.081186731511049,
  "final_reward_mean": 0.4963304696220475,
  "final_advantage_mean": -0.05120046837905811,
  "comprehensive_analysis": {
    "total_steps": 100,
    "overall_health_score": 0.6864704891634817,
    "training_stability_score": 0.9823242401022865,
    "convergence_quality_score": 0.6746666244120679,
    "anomaly_count": 5
  },
  "health_summary": {
    "overall_health": 0.0,
    "training_stability": 0.0,
    "convergence_quality": 0.0
  }
}