{
  "summary": {
    "total_steps": 5,
    "total_epochs": 1,
    "final_loss": 2.2727134227752686,
    "final_accuracy": 0.0625,
    "average_step_time": 0.0017674922943115234,
    "average_epoch_time": 0.0951089859008789
  },
  "losses": [
    2.3032524585723877,
    2.3074800968170166,
    2.336796760559082,
    2.2953224182128906,
    2.2727134227752686
  ],
  "accuracies": [
    0.0625,
    0.09375,
    0.09375,
    0.0625,
    0.0625
  ],
  "step_times": [
    0.002155780792236328,
    0.002839326858520508,
    0.001383066177368164,
    0.0013651847839355469,
    0.0010941028594970703
  ],
  "epoch_times": [
    0.0951089859008789
  ]
}