{
  "stage_times": {
    "forward": [
      0.0009291172027587891,
      0.0003857612609863281,
      0.0002827644348144531,
      0.0002694129943847656,
      0.0003914833068847656
    ],
    "backward": [
      0.0010077953338623047,
      0.002196073532104492,
      0.0009202957153320312,
      0.0009219646453857422,
      0.0005855560302734375
    ]
  },
  "average_times": {
    "forward": 0.0004517078399658203,
    "backward": 0.0011263370513916015
  },
  "total_steps": 5
}