{
  "summary": {
    "total_steps": 30,
    "total_epochs": 3,
    "final_loss": 2.2638378143310547,
    "final_accuracy": 0.15625,
    "average_step_time": 0.0013689359029134115,
    "average_epoch_time": 0.11213946342468262
  },
  "losses": [
    2.2920968532562256,
    2.3267998695373535,
    2.3161423206329346,
    2.3227760791778564,
    2.322282552719116,
    2.3273189067840576,
    2.3016302585601807,
    2.3478891849517822,
    2.268319845199585,
    2.278550386428833,
    2.314422845840454,
    2.2888760566711426,
    2.2323570251464844,
    2.243103504180908,
    2.265230178833008,
    2.2451884746551514,
    2.318674325942993,
    2.2903478145599365,
    2.283738136291504,
    2.27089786529541,
    2.2591946125030518,
    2.2304725646972656,
    2.228266716003418,
    2.2509050369262695,
    2.283323049545288,
    2.287635326385498,
    2.235079288482666,
    2.2590692043304443,
    2.225490093231201,
    2.2638378143310547
  ],
  "accuracies": [
    0.15625,
    0.09375,
    0.0625,
    0.03125,
    0.0625,
    0.125,
    0.125,
    0.03125,
    0.15625,
    0.25,
    0.15625,
    0.1875,
    0.28125,
    0.21875,
    0.28125,
    0.25,
    0.09375,
    0.125,
    0.21875,
    0.125,
    0.15625,
    0.25,
    0.3125,
    0.09375,
    0.125,
    0.15625,
    0.25,
    0.125,
    0.3125,
    0.15625
  ],
  "step_times": [
    0.0031585693359375,
    0.0017547607421875,
    0.0018625259399414062,
    0.0014829635620117188,
    0.0033736228942871094,
    0.0015921592712402344,
    0.0014858245849609375,
    0.0010612010955810547,
    0.0007092952728271484,
    0.0015091896057128906,
    0.0012319087982177734,
    0.0012650489807128906,
    0.0012826919555664062,
    0.0013225078582763672,
    0.0014033317565917969,
    0.0006952285766601562,
    0.0007076263427734375,
    0.0006585121154785156,
    0.0006322860717773438,
    0.0006518363952636719,
    0.0006842613220214844,
    0.0006465911865234375,
    0.00740361213684082,
    0.0006546974182128906,
    0.0006549358367919922,
    0.0006999969482421875,
    0.0006182193756103516,
    0.0006177425384521484,
    0.0006396770477294922,
    0.0006072521209716797
  ],
  "epoch_times": [
    0.1738905906677246,
    0.14723896980285645,
    0.015288829803466797
  ]
}