{
  "profiler_manager": {
    "enabled": true,
    "output_dir": "runs/run_1756761690",
    "stage_times": {},
    "total_steps": 30,
    "artifacts": {
      "trace_json": true,
      "op_stats_csv": true,
      "stage_times_json": true
    }
  },
  "torch_profiler": {
    "is_active": false,
    "step_count": 0,
    "output_dir": "runs/run_1756761690/torch_profiler",
    "artifacts": {
      "trace_json": false,
      "op_stats_csv": false,
      "memory_stats_json": false
    }
  },
  "profiler_context": {
    "output_dir": "runs/run_1756761690/profiler_context",
    "stages": [
      "epoch_0",
      "forward",
      "backward",
      "epoch_1",
      "epoch_2"
    ],
    "average_times": {
      "epoch_0": 0.0005664825439453125,
      "forward": 0.00038939317067464193,
      "backward": 0.0009015719095865885,
      "epoch_1": 0.0005390644073486328,
      "epoch_2": 0.00023221969604492188
    },
    "total_stages": 5
  },
  "step_profiler": {
    "step_count": 30,
    "average_step_time": 0.0013696750005086262,
    "total_time": 0.04109025001525879,
    "step_times": [
      0.003158092498779297,
      0.0017549991607666016,
      0.0018644332885742188,
      0.0014841556549072266,
      0.0033750534057617188,
      0.0015935897827148438,
      0.0014870166778564453,
      0.0010616779327392578,
      0.0007097721099853516,
      0.0015108585357666016,
      0.0012333393096923828,
      0.0012657642364501953,
      0.0012841224670410156,
      0.001323699951171875,
      0.0014040470123291016,
      0.0006959438323974609,
      0.0007078647613525391,
      0.0006589889526367188,
      0.0006327629089355469,
      0.000652313232421875,
      0.0006844997406005859,
      0.0006468296051025391,
      0.0074040889739990234,
      0.0006549358367919922,
      0.0006554126739501953,
      0.0007007122039794922,
      0.0006189346313476562,
      0.0006182193756103516,
      0.0006403923034667969,
      0.0006077289581298828
    ]
  }
}