{
  "summary": {
    "total_steps": 10,
    "total_epochs": 2,
    "final_loss": 2.2648544311523438,
    "final_accuracy": 0.15625,
    "average_step_time": 0.002766871452331543,
    "average_epoch_time": 0.10769474506378174
  },
  "losses": [
    2.304368257522583,
    2.304539918899536,
    2.3014774322509766,
    2.3011510372161865,
    2.3145039081573486,
    2.2863073348999023,
    2.2908167839050293,
    2.2717111110687256,
    2.2524752616882324,
    2.2648544311523438
  ],
  "accuracies": [
    0.125,
    0.03125,
    0.09375,
    0.09375,
    0.0625,
    0.125,
    0.125,
    0.125,
    0.25,
    0.15625
  ],
  "step_times": [
    0.004035472869873047,
    0.0016598701477050781,
    0.002355813980102539,
    0.009805440902709961,
    0.001850128173828125,
    0.001691579818725586,
    0.0026803016662597656,
    0.001251220703125,
    0.0006818771362304688,
    0.0016570091247558594
  ],
  "epoch_times": [
    0.02412104606628418,
    0.1912684440612793
  ]
}