{
  "best_global_step": null,
  "best_metric": null,
  "best_model_checkpoint": null,
  "epoch": 0.15,
  "eval_steps": 1000,
  "global_step": 3,
  "is_hyper_param_search": false,
  "is_local_process_zero": true,
  "is_world_process_zero": true,
  "log_history": [
    {
      "epoch": 0.05,
      "grad_norm": 1.4638725519180298,
      "learning_rate": 1e-05,
      "logits/chosen": 2.5686198569019325e-05,
      "logits/rejected": 2.517925349820871e-05,
      "logps/chosen": -183.9129638671875,
      "logps/rejected": -129.80850219726562,
      "loss": 0.6931,
      "rewards/accuracies": 0.0,
      "rewards/chosen": 0.0,
      "rewards/margins": 0.0,
      "rewards/rejected": 0.0,
      "step": 1
    },
    {
      "epoch": 0.1,
      "grad_norm": 0.7450087666511536,
      "learning_rate": 6.666666666666667e-06,
      "logits/chosen": 1.9372209862922318e-05,
      "logits/rejected": 8.864543815434445e-06,
      "logps/chosen": -140.55575561523438,
      "logps/rejected": -108.22943115234375,
      "loss": 0.6932,
      "rewards/accuracies": 0.0,
      "rewards/chosen": -7.62939453125e-06,
      "rewards/margins": -6.10351571594947e-06,
      "rewards/rejected": -1.5258789289873675e-06,
      "step": 2
    },
    {
      "epoch": 0.15,
      "grad_norm": 0.6054255366325378,
      "learning_rate": 3.3333333333333333e-06,
      "logits/chosen": 5.687491466233041e-06,
      "logits/rejected": 5.505035005626269e-06,
      "logps/chosen": -151.48745727539062,
      "logps/rejected": -108.06548309326172,
      "loss": 0.6932,
      "rewards/accuracies": 0.0,
      "rewards/chosen": -2.288818359375e-05,
      "rewards/margins": -1.068115216185106e-05,
      "rewards/rejected": -1.220703143189894e-05,
      "step": 3
    }
  ],
  "logging_steps": 1,
  "max_steps": 3,
  "num_input_tokens_seen": 0,
  "num_train_epochs": 1,
  "save_steps": 1000,
  "stateful_callbacks": {
    "TrainerControl": {
      "args": {
        "should_epoch_stop": false,
        "should_evaluate": false,
        "should_log": false,
        "should_save": true,
        "should_training_stop": true
      },
      "attributes": {}
    }
  },
  "total_flos": 0.0,
  "train_batch_size": 1,
  "trial_name": null,
  "trial_params": null
}
