{
  "summary": {
    "total_steps": 75,
    "total_epochs": 5,
    "final_loss": 3.178701639175415,
    "final_accuracy": 0.21875,
    "average_step_time": 0.009151964187622071,
    "average_epoch_time": 0.21073198318481445
  },
  "losses": [
    4.61761999130249,
    4.606304168701172,
    4.603637218475342,
    4.590516567230225,
    4.545631408691406,
    4.680768966674805,
    4.586823463439941,
    4.722458839416504,
    4.729711055755615,
    4.583162784576416,
    4.637413024902344,
    4.60037899017334,
    4.6118083000183105,
    4.578275203704834,
    4.611229419708252,
    4.55062198638916,
    4.532703399658203,
    4.50305700302124,
    4.465417385101318,
    4.496386528015137,
    4.436481475830078,
    4.2912492752075195,
    4.596418857574463,
    4.600710391998291,
    4.642280101776123,
    4.668768405914307,
    4.44817590713501,
    4.492218971252441,
    4.45213508605957,
    4.57387113571167,
    4.396880149841309,
    4.474897384643555,
    4.434422016143799,
    4.231281280517578,
    4.366307735443115,
    4.323206424713135,
    4.312652111053467,
    4.3580851554870605,
    4.497580051422119,
    4.44083833694458,
    4.159368991851807,
    4.333940505981445,
    4.140900611877441,
    4.308724880218506,
    4.297738075256348,
    4.244879722595215,
    4.013219833374023,
    4.080695629119873,
    4.031201362609863,
    4.140934944152832,
    3.6401970386505127,
    4.063746929168701,
    4.1540422439575195,
    3.969557762145996,
    4.020970344543457,
    4.2459917068481445,
    3.922023296356201,
    3.992950201034546,
    3.8997318744659424,
    4.011482238769531,
    3.6140992641448975,
    3.647721529006958,
    3.7095603942871094,
    3.58961820602417,
    3.336972236633301,
    3.004807710647583,
    3.5559275150299072,
    3.0891377925872803,
    3.1073508262634277,
    3.2731871604919434,
    3.2095415592193604,
    3.286345958709717,
    3.3828623294830322,
    3.333892583847046,
    3.178701639175415
  ],
  "accuracies": [
    0.0,
    0.03125,
    0.0,
    0.03125,
    0.0,
    0.0,
    0.03125,
    0.0,
    0.0,
    0.03125,
    0.0,
    0.0,
    0.0,
    0.0625,
    0.0,
    0.03125,
    0.0,
    0.03125,
    0.09375,
    0.0,
    0.03125,
    0.0625,
    0.0,
    0.03125,
    0.0,
    0.0,
    0.03125,
    0.0,
    0.03125,
    0.03125,
    0.09375,
    0.0625,
    0.0,
    0.125,
    0.09375,
    0.03125,
    0.0,
    0.0,
    0.0,
    0.0,
    0.0,
    0.03125,
    0.03125,
    0.0,
    0.0625,
    0.0625,
    0.125,
    0.03125,
    0.03125,
    0.0625,
    0.15625,
    0.0,
    0.0,
    0.0625,
    0.0625,
    0.03125,
    0.03125,
    0.03125,
    0.0625,
    0.15625,
    0.15625,
    0.15625,
    0.03125,
    0.1875,
    0.25,
    0.3125,
    0.15625,
    0.25,
    0.34375,
    0.1875,
    0.25,
    0.25,
    0.15625,
    0.25,
    0.21875
  ],
  "step_times": [
    0.046239376068115234,
    0.011883735656738281,
    0.013871192932128906,
    0.027297019958496094,
    0.011026144027709961,
    0.010526895523071289,
    0.013800382614135742,
    0.00561976432800293,
    0.00736689567565918,
    0.007626056671142578,
    0.00741887092590332,
    0.008408069610595703,
    0.011659860610961914,
    0.01166534423828125,
    0.020992755889892578,
    0.010984420776367188,
    0.007864952087402344,
    0.0073032379150390625,
    0.007612943649291992,
    0.009279966354370117,
    0.007008552551269531,
    0.00953531265258789,
    0.0077152252197265625,
    0.0074498653411865234,
    0.007482051849365234,
    0.006897449493408203,
    0.0069332122802734375,
    0.008669614791870117,
    0.006453037261962891,
    0.00641632080078125,
    0.007903575897216797,
    0.008146047592163086,
    0.006738185882568359,
    0.00630497932434082,
    0.0075109004974365234,
    0.00636744499206543,
    0.009556055068969727,
    0.01285099983215332,
    0.008684873580932617,
    0.0075817108154296875,
    0.006604671478271484,
    0.008051395416259766,
    0.011761188507080078,
    0.008710861206054688,
    0.0065822601318359375,
    0.008195638656616211,
    0.009235858917236328,
    0.007129192352294922,
    0.008492469787597656,
    0.006524085998535156,
    0.007910013198852539,
    0.008518695831298828,
    0.006365299224853516,
    0.007231235504150391,
    0.00732731819152832,
    0.0063877105712890625,
    0.0073735713958740234,
    0.00722050666809082,
    0.007326841354370117,
    0.006492137908935547,
    0.008462667465209961,
    0.008535623550415039,
    0.006365299224853516,
    0.0072710514068603516,
    0.0070362091064453125,
    0.006300210952758789,
    0.008820056915283203,
    0.006439924240112305,
    0.00721430778503418,
    0.007390499114990234,
    0.01275181770324707,
    0.010202884674072266,
    0.007691144943237305,
    0.006566762924194336,
    0.007254600524902344
  ],
  "epoch_times": [
    0.5665276050567627,
    0.12138223648071289,
    0.1271064281463623,
    0.1158146858215332,
    0.12282896041870117
  ]
}