{
  "profiler_manager": {
    "enabled": true,
    "output_dir": "runs/run_1756763258",
    "stage_times": {},
    "total_steps": 75,
    "artifacts": {
      "trace_json": true,
      "op_stats_csv": true,
      "stage_times_json": true
    }
  },
  "torch_profiler": {
    "is_active": false,
    "step_count": 0,
    "output_dir": "runs/run_1756763258/torch_profiler",
    "artifacts": {
      "trace_json": false,
      "op_stats_csv": false,
      "memory_stats_json": false
    }
  },
  "profiler_context": {
    "output_dir": "runs/run_1756763258/profiler_context",
    "stages": [
      "epoch_0",
      "forward",
      "backward",
      "epoch_1",
      "epoch_2",
      "epoch_3",
      "epoch_4"
    ],
    "average_times": {
      "epoch_0": 0.0006084442138671875,
      "forward": 0.001972033182779948,
      "backward": 0.0070993359883626305,
      "epoch_1": 0.0002684593200683594,
      "epoch_2": 0.00021195411682128906,
      "epoch_3": 0.00033020973205566406,
      "epoch_4": 0.00026035308837890625
    },
    "total_stages": 7
  },
  "step_profiler": {
    "step_count": 75,
    "average_step_time": 0.009152571360270182,
    "total_time": 0.6864428520202637,
    "step_times": [
      0.04624009132385254,
      0.011884450912475586,
      0.013873100280761719,
      0.0272979736328125,
      0.01102757453918457,
      0.010527610778808594,
      0.013801097869873047,
      0.005620241165161133,
      0.007366657257080078,
      0.007627010345458984,
      0.00742030143737793,
      0.00840902328491211,
      0.01166081428527832,
      0.01166677474975586,
      0.02099132537841797,
      0.01098489761352539,
      0.007865428924560547,
      0.007303714752197266,
      0.007613182067871094,
      0.009280681610107422,
      0.007009029388427734,
      0.009535551071166992,
      0.007715940475463867,
      0.0074503421783447266,
      0.007482290267944336,
      0.006897926330566406,
      0.006933689117431641,
      0.00867009162902832,
      0.006453275680541992,
      0.006416797637939453,
      0.007904291152954102,
      0.008147001266479492,
      0.0067386627197265625,
      0.0063054561614990234,
      0.007511138916015625,
      0.006367921829223633,
      0.00955653190612793,
      0.012851715087890625,
      0.008685588836669922,
      0.007582426071166992,
      0.006605386734008789,
      0.008051872253417969,
      0.011761903762817383,
      0.008711576461791992,
      0.006582975387573242,
      0.008196115493774414,
      0.00923609733581543,
      0.007129669189453125,
      0.00849294662475586,
      0.006524562835693359,
      0.007910490036010742,
      0.008519172668457031,
      0.006365537643432617,
      0.007232189178466797,
      0.007328033447265625,
      0.006388187408447266,
      0.007373809814453125,
      0.007220745086669922,
      0.007327556610107422,
      0.0064928531646728516,
      0.008463382720947266,
      0.008536338806152344,
      0.00636601448059082,
      0.007271528244018555,
      0.007036685943603516,
      0.006300687789916992,
      0.008820533752441406,
      0.006440639495849609,
      0.007214784622192383,
      0.0073909759521484375,
      0.012754440307617188,
      0.010203361511230469,
      0.007691621780395508,
      0.006567716598510742,
      0.007254838943481445
    ]
  }
}