{
  "summary": {
    "total_steps": 16,
    "total_epochs": 2,
    "final_loss": 2.279322624206543,
    "final_accuracy": 0.0625,
    "average_step_time": 0.0018825680017471313,
    "average_epoch_time": 0.060767173767089844
  },
  "losses": [
    2.2849762439727783,
    2.3041133880615234,
    2.316800117492676,
    2.3048739433288574,
    2.312894344329834,
    2.299105167388916,
    2.2973883152008057,
    2.309295177459717,
    2.251044273376465,
    2.2816967964172363,
    2.24027419090271,
    2.260443925857544,
    2.311892032623291,
    2.26580548286438,
    2.2742104530334473,
    2.279322624206543
  ],
  "accuracies": [
    0.03125,
    0.125,
    0.03125,
    0.0625,
    0.0625,
    0.0625,
    0.125,
    0.125,
    0.0625,
    0.15625,
    0.1875,
    0.15625,
    0.09375,
    0.15625,
    0.15625,
    0.0625
  ],
  "step_times": [
    0.0021877288818359375,
    0.0039179325103759766,
    0.0013794898986816406,
    0.0013661384582519531,
    0.0009472370147705078,
    0.0006420612335205078,
    0.0006132125854492188,
    0.0005867481231689453,
    0.000698089599609375,
    0.0006022453308105469,
    0.012121200561523438,
    0.002660036087036133,
    0.0005917549133300781,
    0.0005943775177001953,
    0.0006153583526611328,
    0.0005974769592285156
  ],
  "epoch_times": [
    0.10142970085144043,
    0.020104646682739258
  ]
}