{
  "stage_times": {
    "forward": [
      0.0009298324584960938,
      0.0003643035888671875,
      0.0002720355987548828,
      0.00027489662170410156,
      0.0003428459167480469,
      0.0001552104949951172,
      0.00014448165893554688,
      0.00013756752014160156,
      0.00017261505126953125,
      0.0001468658447265625,
      0.00014019012451171875,
      0.002119302749633789,
      0.00014543533325195312,
      0.00015234947204589844,
      0.0001399517059326172,
      0.00013947486877441406
    ],
    "backward": [
      0.0010294914245605469,
      0.0033066272735595703,
      0.0008990764617919922,
      0.0009188652038574219,
      0.00048351287841796875,
      0.00040531158447265625,
      0.00038814544677734375,
      0.0003762245178222656,
      0.0004220008850097656,
      0.00037860870361328125,
      0.00840449333190918,
      0.0004515647888183594,
      0.0003695487976074219,
      0.00036454200744628906,
      0.0003993511199951172,
      0.0003795623779296875
    ]
  },
  "average_times": {
    "forward": 0.0003610849380493164,
    "backward": 0.0011860579252243042
  },
  "total_steps": 16
}