{
  "summary": {
    "total_steps": 16,
    "total_epochs": 2,
    "final_loss": 2.237496852874756,
    "final_accuracy": 0.0625,
    "average_step_time": 0.001548171043395996,
    "average_epoch_time": 0.056812405586242676
  },
  "losses": [
    2.324110269546509,
    2.324084997177124,
    2.28851056098938,
    2.3079285621643066,
    2.27036714553833,
    2.298043966293335,
    2.2737371921539307,
    2.3075852394104004,
    2.2840874195098877,
    2.3486227989196777,
    2.256239175796509,
    2.261422872543335,
    2.3042802810668945,
    2.2882938385009766,
    2.254659414291382,
    2.237496852874756
  ],
  "accuracies": [
    0.03125,
    0.125,
    0.09375,
    0.0625,
    0.1875,
    0.03125,
    0.15625,
    0.0,
    0.09375,
    0.03125,
    0.28125,
    0.25,
    0.0625,
    0.09375,
    0.09375,
    0.0625
  ],
  "step_times": [
    0.0027358531951904297,
    0.003272533416748047,
    0.0014085769653320312,
    0.0018122196197509766,
    0.008060932159423828,
    0.0009109973907470703,
    0.0006101131439208984,
    0.0006482601165771484,
    0.0006723403930664062,
    0.0006232261657714844,
    0.0006122589111328125,
    0.0005841255187988281,
    0.0009450912475585938,
    0.0007205009460449219,
    0.0005762577056884766,
    0.0005774497985839844
  ],
  "epoch_times": [
    0.10674071311950684,
    0.006884098052978516
  ]
}