{
  "profiler_manager": {
    "enabled": true,
    "output_dir": "runs/run_1756764093",
    "stage_times": {
      "forward": 0.00028370320796966553,
      "backward": 0.0006810873746871948
    },
    "total_steps": 16,
    "artifacts": {
      "trace_json": true,
      "op_stats_csv": true,
      "stage_times_json": true,
      "memory_stats_json": true
    }
  },
  "profiler_context": {
    "output_dir": "runs/run_1756764093",
    "stages": [
      "epoch_0",
      "forward",
      "backward",
      "epoch_1"
    ],
    "average_times": {
      "epoch_0": 0.00049591064453125,
      "forward": 0.0003159940242767334,
      "backward": 0.0007036477327346802,
      "epoch_1": 0.00023055076599121094
    },
    "total_stages": 4
  },
  "step_profiler": {
    "step_count": 16,
    "average_step_time": 0.0015497207641601562,
    "total_time": 0.0247955322265625,
    "step_times": [
      0.0027365684509277344,
      0.0032873153686523438,
      0.0014095306396484375,
      0.001813650131225586,
      0.00806427001953125,
      0.000911712646484375,
      0.0006101131439208984,
      0.0006487369537353516,
      0.0006728172302246094,
      0.0006239414215087891,
      0.0006127357482910156,
      0.0005846023559570312,
      0.0009450912475585938,
      0.0007205009460449219,
      0.0005764961242675781,
      0.0005774497985839844
    ]
  }
}