{
  "stage_times": {
    "forward": [
      0.0011959075927734375,
      0.0004050731658935547,
      0.00030350685119628906,
      0.00030231475830078125,
      0.00037407875061035156,
      0.0003771781921386719,
      0.00015282630920410156,
      0.0001723766326904297,
      0.00016617774963378906,
      0.00016069412231445312,
      0.00012946128845214844,
      0.00013518333435058594,
      0.0001506805419921875,
      0.0002357959747314453,
      0.00013947486877441406,
      0.0001385211944580078
    ],
    "backward": [
      0.0012187957763671875,
      0.0026106834411621094,
      0.0009198188781738281,
      0.0013208389282226562,
      0.0005037784576416016,
      0.0004382133483886719,
      0.0003795623779296875,
      0.0003948211669921875,
      0.0004220008850097656,
      0.0003821849822998047,
      0.00040793418884277344,
      0.0003731250762939453,
      0.00038933753967285156,
      0.0004062652587890625,
      0.0003662109375,
      0.0003638267517089844
    ]
  },
  "average_times": {
    "forward": 0.00028370320796966553,
    "backward": 0.0006810873746871948
  },
  "total_steps": 16
}