{
  "stage_times": {
    "epoch_0": [
      0.0005171298980712891
    ],
    "forward": [
      0.001165628433227539,
      0.0028905868530273438,
      0.00039315223693847656,
      0.0002551078796386719,
      0.0002894401550292969,
      0.0002834796905517578,
      0.0002892017364501953,
      0.00043964385986328125,
      0.0002682209014892578,
      0.0004074573516845703,
      0.00024771690368652344,
      0.00030303001403808594,
      0.0002522468566894531,
      0.0002646446228027344,
      0.0003764629364013672,
      0.00022935867309570312,
      0.000209808349609375,
      0.0001895427703857422,
      0.00016021728515625,
      0.0001533031463623047,
      0.00016307830810546875,
      0.0013391971588134766,
      0.00015974044799804688,
      0.0001518726348876953,
      0.0001537799835205078,
      0.00016355514526367188,
      0.00017499923706054688,
      0.00014448165893554688,
      0.00014972686767578125,
      0.0001723766326904297
    ],
    "backward": [
      0.0014011859893798828,
      0.0005755424499511719,
      0.001285552978515625,
      0.0009181499481201172,
      0.001642465591430664,
      0.000934600830078125,
      0.0009796619415283203,
      0.0005998611450195312,
      0.0006766319274902344,
      0.0011217594146728516,
      0.0009355545043945312,
      0.0010175704956054688,
      0.0009014606475830078,
      0.0009684562683105469,
      0.0006785392761230469,
      0.0006551742553710938,
      0.0005431175231933594,
      0.0004680156707763672,
      0.0004858970642089844,
      0.0004074573516845703,
      0.00042700767517089844,
      0.0004761219024658203,
      0.0004172325134277344,
      0.00045561790466308594,
      0.00046944618225097656,
      0.00042748451232910156,
      0.0004425048828125,
      0.00043201446533203125,
      0.00041556358337402344,
      0.0004372596740722656
    ],
    "epoch_1": [
      0.0005359649658203125
    ],
    "epoch_2": [
      0.00025653839111328125
    ]
  },
  "average_times": {
    "epoch_0": 0.0005171298980712891,
    "forward": 0.0003947019577026367,
    "backward": 0.0007198969523111979,
    "epoch_1": 0.0005359649658203125,
    "epoch_2": 0.00025653839111328125
  },
  "total_stages": 5,
  "timestamp": 1756763227.457252
}