{
  "stage_times": {
    "step_0": [
      3.0994415283203125e-06
    ],
    "forward": [
      0.0010683536529541016,
      0.00031828880310058594,
      0.00038051605224609375,
      0.00016355514526367188,
      0.00013971328735351562,
      0.0006794929504394531,
      0.00019097328186035156,
      0.00033283233642578125,
      9.632110595703125e-05,
      0.0001823902130126953,
      0.00013828277587890625,
      0.0002090930938720703,
      0.00013208389282226562,
      0.00013303756713867188,
      0.0005095005035400391,
      9.822845458984375e-05,
      0.0011758804321289062,
      7.748603820800781e-05,
      0.0002808570861816406,
      7.987022399902344e-05
    ],
    "backward": [
      0.0012979507446289062,
      0.00039768218994140625,
      0.0009624958038330078,
      0.000682830810546875,
      0.0006957054138183594,
      0.0013637542724609375,
      0.0007598400115966797,
      0.0004496574401855469,
      0.00030684471130371094,
      0.0007712841033935547,
      0.0006070137023925781,
      0.0006246566772460938,
      0.000576019287109375,
      0.0005638599395751953,
      0.0004811286926269531,
      0.0003094673156738281,
      0.00030732154846191406,
      0.0004062652587890625,
      0.0002944469451904297,
      0.00026917457580566406
    ],
    "step_1": [
      1.6689300537109375e-06
    ],
    "step_2": [
      5.7220458984375e-06
    ],
    "step_3": [
      3.814697265625e-06
    ],
    "step_4": [
      3.5762786865234375e-06
    ],
    "step_5": [
      3.5762786865234375e-06
    ],
    "step_6": [
      3.814697265625e-06
    ],
    "step_7": [
      2.6226043701171875e-06
    ],
    "step_8": [
      1.6689300537109375e-06
    ],
    "step_9": [
      5.4836273193359375e-06
    ],
    "step_10": [
      3.5762786865234375e-06
    ],
    "step_11": [
      3.5762786865234375e-06
    ],
    "step_12": [
      3.5762786865234375e-06
    ],
    "step_13": [
      3.337860107421875e-06
    ],
    "step_14": [
      2.6226043701171875e-06
    ],
    "step_15": [
      1.6689300537109375e-06
    ],
    "step_16": [
      1.1920928955078125e-06
    ],
    "step_17": [
      9.5367431640625e-07
    ],
    "step_18": [
      1.430511474609375e-06
    ],
    "step_19": [
      1.1920928955078125e-06
    ]
  },
  "average_times": {
    "step_0": 3.0994415283203125e-06,
    "forward": 0.00031933784484863283,
    "backward": 0.000606369972229004,
    "step_1": 1.6689300537109375e-06,
    "step_2": 5.7220458984375e-06,
    "step_3": 3.814697265625e-06,
    "step_4": 3.5762786865234375e-06,
    "step_5": 3.5762786865234375e-06,
    "step_6": 3.814697265625e-06,
    "step_7": 2.6226043701171875e-06,
    "step_8": 1.6689300537109375e-06,
    "step_9": 5.4836273193359375e-06,
    "step_10": 3.5762786865234375e-06,
    "step_11": 3.5762786865234375e-06,
    "step_12": 3.5762786865234375e-06,
    "step_13": 3.337860107421875e-06,
    "step_14": 2.6226043701171875e-06,
    "step_15": 1.6689300537109375e-06,
    "step_16": 1.1920928955078125e-06,
    "step_17": 9.5367431640625e-07,
    "step_18": 1.430511474609375e-06,
    "step_19": 1.1920928955078125e-06
  },
  "total_steps": 20
}