{
  "stage_times": {
    "step_0": [
      2.86102294921875e-06
    ],
    "forward": [
      0.0014505386352539062,
      0.0002741813659667969,
      0.00011277198791503906,
      9.322166442871094e-05,
      8.392333984375e-05,
      8.320808410644531e-05,
      0.00010085105895996094,
      7.677078247070312e-05,
      9.274482727050781e-05,
      7.510185241699219e-05,
      8.130073547363281e-05,
      9.250640869140625e-05,
      7.748603820800781e-05,
      9.393692016601562e-05,
      0.0006806850433349609,
      8.893013000488281e-05,
      0.000118255615234375,
      7.700920104980469e-05,
      0.00010180473327636719,
      8.368492126464844e-05
    ],
    "backward": [
      0.0018088817596435547,
      0.0004544258117675781,
      0.0004322528839111328,
      0.0003390312194824219,
      0.00032639503479003906,
      0.00031757354736328125,
      0.0003173351287841797,
      0.00032258033752441406,
      0.0003113746643066406,
      0.0003180503845214844,
      0.00031447410583496094,
      0.0003371238708496094,
      0.0002949237823486328,
      0.0004489421844482422,
      0.0004181861877441406,
      0.0003123283386230469,
      0.00034165382385253906,
      0.00027441978454589844,
      0.0003833770751953125,
      0.00028252601623535156
    ],
    "step_1": [
      1.9073486328125e-06
    ],
    "step_2": [
      9.5367431640625e-07
    ],
    "step_3": [
      9.5367431640625e-07
    ],
    "step_4": [
      1.1920928955078125e-06
    ],
    "step_5": [
      1.1920928955078125e-06
    ],
    "step_6": [
      1.430511474609375e-06
    ],
    "step_7": [
      1.1920928955078125e-06
    ],
    "step_8": [
      1.1920928955078125e-06
    ],
    "step_9": [
      1.1920928955078125e-06
    ],
    "step_10": [
      9.5367431640625e-07
    ],
    "step_11": [
      9.5367431640625e-07
    ],
    "step_12": [
      1.1920928955078125e-06
    ],
    "step_13": [
      1.1920928955078125e-06
    ],
    "step_14": [
      1.1920928955078125e-06
    ],
    "step_15": [
      1.1920928955078125e-06
    ],
    "step_16": [
      1.430511474609375e-06
    ],
    "step_17": [
      1.430511474609375e-06
    ],
    "step_18": [
      7.152557373046875e-07
    ],
    "step_19": [
      1.1920928955078125e-06
    ]
  },
  "average_times": {
    "step_0": 2.86102294921875e-06,
    "forward": 0.0001969456672668457,
    "backward": 0.000417792797088623,
    "step_1": 1.9073486328125e-06,
    "step_2": 9.5367431640625e-07,
    "step_3": 9.5367431640625e-07,
    "step_4": 1.1920928955078125e-06,
    "step_5": 1.1920928955078125e-06,
    "step_6": 1.430511474609375e-06,
    "step_7": 1.1920928955078125e-06,
    "step_8": 1.1920928955078125e-06,
    "step_9": 1.1920928955078125e-06,
    "step_10": 9.5367431640625e-07,
    "step_11": 9.5367431640625e-07,
    "step_12": 1.1920928955078125e-06,
    "step_13": 1.1920928955078125e-06,
    "step_14": 1.1920928955078125e-06,
    "step_15": 1.1920928955078125e-06,
    "step_16": 1.430511474609375e-06,
    "step_17": 1.430511474609375e-06,
    "step_18": 7.152557373046875e-07,
    "step_19": 1.1920928955078125e-06
  },
  "total_steps": 1
}