{
  "stage_times": {
    "epoch_0": [
      0.0009553432464599609
    ],
    "forward": [
      0.00225067138671875,
      0.0010654926300048828,
      0.0004940032958984375,
      0.007946014404296875,
      0.0004279613494873047,
      0.00041747093200683594,
      0.00046634674072265625,
      0.0004684925079345703,
      0.0001728534698486328,
      0.00042057037353515625
    ],
    "backward": [
      0.0015032291412353516,
      0.0005288124084472656,
      0.0016722679138183594,
      0.0016853809356689453,
      0.001310586929321289,
      0.001169443130493164,
      0.0010471343994140625,
      0.0006923675537109375,
      0.0004563331604003906,
      0.0011057853698730469
    ],
    "epoch_1": [
      0.0008575916290283203
    ]
  },
  "average_times": {
    "epoch_0": 0.0009553432464599609,
    "forward": 0.0014129877090454102,
    "backward": 0.0011171340942382813,
    "epoch_1": 0.0008575916290283203
  },
  "total_stages": 4,
  "timestamp": 1756761656.4650204
}