step,epoch,learning_rate,loss,grad_norm,reward_mean,reward_std,kl_mean,kl_std,entropy_mean,clip_frac,value_loss,policy_loss,gpu_memory_used,gpu_memory_allocated,cpu_memory_used,step_time,wall_time,tokens_in,tokens_out,training_stability_score,convergence_indicator,phase,run_id,git_sha,seed
0,0.0,1e-05,0.0,0.9,0.2,0.15,0.12,0.0,2.2,0.18,0.5,0.0,0.0,0.0,0.8617630004882812,0.0034911632537841797,0.0011539459228515625,0,0,1.0,0.0,train,simple_demo,,42
0,0.0,1e-05,0.0,0.8200000000000001,0.28,0.16999999999999998,0.11,0.0,2.0500000000000003,0.16,0.45,0.0,0.0,0.0,0.8617630004882812,0.10376548767089844,0.10142874717712402,0,0,1.0,0.0,train,simple_demo,,42
0,0.0,9.5e-06,0.0,0.74,0.36,0.19,0.09999999999999999,0.0,1.9000000000000001,0.13999999999999999,0.4,0.0,0.0,0.0,0.8617630004882812,0.20412564277648926,0.20178842544555664,0,0,1.0,0.0,train,simple_demo,,42
0,0.0,9.5e-06,0.0,0.66,0.44,0.21,0.09,0.0,1.7500000000000002,0.12,0.35,0.0,0.0,0.0,0.8617630004882812,0.30436277389526367,0.30202555656433105,0,0,1.0,0.0,train,simple_demo,,42
0,0.0,9.025e-06,0.0,0.5800000000000001,0.52,0.22999999999999998,0.07999999999999999,0.0,1.6,0.09999999999999999,0.3,0.0,0.0,0.0,0.8617630004882812,0.4078066349029541,0.4054696559906006,0,0,1.0,0.0,train,simple_demo,,42
0,0.0,9.025e-06,0.0,0.5,0.6000000000000001,0.25,0.06999999999999999,0.0,1.4500000000000002,0.07999999999999999,0.25,0.0,0.0,0.0,0.8617630004882812,0.5080680847167969,0.5057306289672852,0,0,1.0,0.0,train,simple_demo,,42
0,0.0,8.573749999999999e-06,0.0,0.42000000000000004,0.6799999999999999,0.27,0.06,0.0,1.3000000000000003,0.06,0.19999999999999996,0.0,0.0,0.0,0.8617630004882812,0.6083147525787354,0.6059775352478027,0,0,1.0,0.0,train,simple_demo,,42
0,0.0,8.573749999999999e-06,0.0,0.33999999999999997,0.76,0.29000000000000004,0.04999999999999999,0.0,1.1500000000000001,0.03999999999999998,0.14999999999999997,0.0,0.0,0.0,0.8631591796875,0.7104525566101074,0.7081153392791748,0,0,1.0,0.0,train,simple_demo,,42
